image,event,date,second,milisecond,tweek,f_min<2kHz
ch2_20141130_000500_988_s122-T1.jpg,1,20141130_000500,122,990,1,1
ch2_20141130_000500_988_s125-T1.jpg,1,20141130_000500,125,690,1,1
ch2_20141130_000500_988_s128-T1.jpg,1,20141130_000500,128,738,1,1
ch2_20141130_000500_988_s128-T2.jpg,2,20141130_000500,128,912,1,1
ch2_20141130_000500_988_s129-T1.jpg,1,20141130_000500,129,18,1,1
ch2_20141130_000500_988_s134-T1.jpg,1,20141130_000500,134,668,1,0
ch2_20141130_000500_988_s37-T1.jpg,1,20141130_000500,37,359,1,0
ch2_20141130_000500_988_s53-T1.jpg,1,20141130_000500,53,241,1,0
ch2_20141130_000500_988_s53-T2.jpg,2,20141130_000500,53,365,1,0
ch2_20141130_000500_988_s81-T1.jpg,1,20141130_000500,81,975,1,0
ch2_20141130_000500_988_s82-T1.jpg,1,20141130_000500,82,393,1,1
ch2_20141130_000500_988_s82-T2.jpg,2,20141130_000500,82,766,1,0
ch2_20141130_001001_132_s108-T1.jpg,1,20141130_001001,108,583,1,1
ch2_20141130_001001_132_s108-T2.jpg,2,20141130_001001,108,741,1,1
ch2_20141130_001001_132_s108-T3.jpg,3,20141130_001001,108,909,1,1
ch2_20141130_001001_132_s108-T4.jpg,4,20141130_001001,108,936,1,1
ch2_20141130_001001_132_s22-T1.jpg,1,20141130_001001,22,600,1,1
ch2_20141130_001001_132_s44-T1.jpg,1,20141130_001001,44,324,1,1
ch2_20141130_001001_132_s44-T2.jpg,2,20141130_001001,44,386,1,1
ch2_20141130_001001_132_s71-T1.jpg,1,20141130_001001,71,5,1,1
ch2_20141130_001001_132_s71-T2.jpg,2,20141130_001001,71,244,1,1
ch2_20141130_001001_132_s71-T3.jpg,3,20141130_001001,71,268,1,0
ch2_20141130_001001_132_s72-T1.jpg,1,20141130_001001,72,616,1,0
ch2_20141130_001001_132_s78-T1.jpg,1,20141130_001001,78,505,1,1
ch2_20141130_001001_132_s78-T2.jpg,2,20141130_001001,78,698,1,1
ch2_20141130_001501_274_s14-T1.jpg,1,20141130_001501,14,610,1,0
ch2_20141130_001501_274_s26-T1.jpg,1,20141130_001501,26,835,1,1
ch2_20141130_001501_274_s27-T1.jpg,1,20141130_001501,27,117,1,1
ch2_20141130_001501_274_s27-T2.jpg,2,20141130_001501,27,317,1,1
ch2_20141130_001501_274_s39-T1.jpg,1,20141130_001501,39,342,1,1
ch2_20141130_001501_274_s39-T2.jpg,2,20141130_001501,39,916,1,1
ch2_20141130_001501_274_s39-T3.jpg,3,20141130_001501,39,963,1,0
ch2_20141130_001501_274_s93-T1.jpg,1,20141130_001501,93,687,1,0
ch2_20141130_002001_413_s123-T1.jpg,1,20141130_002001,123,728,1,0
ch2_20141130_002001_413_s123-T2.jpg,2,20141130_002001,123,809,1,1
ch2_20141130_002001_413_s123-T3.jpg,3,20141130_002001,123,850,1,1
ch2_20141130_002001_413_s137-T1.jpg,1,20141130_002001,137,697,1,0
ch2_20141130_002001_413_s34-T1.jpg,1,20141130_002001,34,543,1,1
ch2_20141130_002001_413_s34-T2.jpg,2,20141130_002001,34,868,1,1
ch2_20141130_002001_413_s34-T3.jpg,3,20141130_002001,34,894,1,1
ch2_20141130_002001_413_s48-T1.jpg,1,20141130_002001,48,837,1,1
ch2_20141130_002501_556_s133-T1.jpg,1,20141130_002501,133,17,1,1
ch2_20141130_002501_556_s42-T1.jpg,1,20141130_002501,42,660,1,1
ch2_20141130_002501_556_s54-T1.jpg,1,20141130_002501,54,293,1,1
ch2_20141130_002501_556_s70-T1.jpg,1,20141130_002501,70,511,1,1
ch2_20141130_002501_556_s72-T1.jpg,1,20141130_002501,72,802,1,1
ch2_20141130_003001_700_s132-T1.jpg,1,20141130_003001,132,602,1,1
ch2_20141130_003501_842_s106-T1.jpg,1,20141130_003501,106,187,1,1
ch2_20141130_003501_842_s106-T2.jpg,2,20141130_003501,106,220,1,1
ch2_20141130_003501_842_s140-T1.jpg,1,20141130_003501,140,414,1,1
ch2_20141130_003501_842_s48-T1.jpg,1,20141130_003501,48,661,1,1
ch2_20141130_003501_842_s76-T1.jpg,1,20141130_003501,76,554,1,1
ch2_20141130_003501_842_s80-T1.jpg,1,20141130_003501,80,125,1,0
ch2_20141130_004001_988_s104-T1.jpg,1,20141130_004001,104,560,1,1
ch2_20141130_004001_988_s105-T1.jpg,1,20141130_004001,105,70,1,1
ch2_20141130_004001_988_s105-T2.jpg,2,20141130_004001,105,350,1,1
ch2_20141130_004001_988_s138-T1.jpg,1,20141130_004001,138,389,1,1
ch2_20141130_004001_988_s139-T1.jpg,1,20141130_004001,139,274,1,1
ch2_20141130_004001_988_s35-T1.jpg,1,20141130_004001,35,460,1,0
ch2_20141130_004001_988_s35-T2.jpg,2,20141130_004001,35,490,1,0
ch2_20141130_004502_130_s115-T1.jpg,1,20141130_004502,115,733,1,1
ch2_20141130_004502_130_s115-T2.jpg,2,20141130_004502,115,859,1,1
ch2_20141130_004502_130_s115-T3.jpg,3,20141130_004502,115,969,1,1
ch2_20141130_004502_130_s116-T1.jpg,1,20141130_004502,116,248,1,1
ch2_20141130_004502_130_s116-T2.jpg,2,20141130_004502,116,365,1,1
ch2_20141130_004502_130_s125-T1.jpg,1,20141130_004502,125,768,1,1
ch2_20141130_004502_130_s125-T2.jpg,2,20141130_004502,125,874,1,1
ch2_20141130_004502_130_s126-T1.jpg,1,20141130_004502,126,350,1,0
ch2_20141130_004502_130_s126-T2.jpg,2,20141130_004502,126,497,1,1
ch2_20141130_004502_130_s79-T1.jpg,1,20141130_004502,79,272,1,0
ch2_20141130_004502_130_s85-T1.jpg,1,20141130_004502,85,797,1,1
ch2_20141130_004502_130_s85-T2.jpg,2,20141130_004502,85,846,1,1
ch2_20141130_005002_271_s127-T1.jpg,1,20141130_005002,127,975,1,0
ch2_20141130_005002_271_s128-T1.jpg,1,20141130_005002,128,3,1,0
ch2_20141130_005002_271_s27-T1.jpg,1,20141130_005002,27,937,1,0
ch2_20141130_005002_271_s69-T1.jpg,1,20141130_005002,69,887,1,0
ch2_20141130_005502_413_s127-T1.jpg,1,20141130_005502,127,567,1,1
ch2_20141130_005502_413_s141-T1.jpg,1,20141130_005502,141,599,1,1
ch2_20141130_005502_413_s141-T2.jpg,2,20141130_005502,141,599,1,0
ch2_20141130_005502_413_s18-T1.jpg,1,20141130_005502,18,837,1,0
ch2_20141130_005502_413_s43-T1.jpg,1,20141130_005502,43,96,1,0
ch2_20141130_005502_413_s43-T2.jpg,2,20141130_005502,43,583,1,0
ch2_20141130_005502_413_s50-T1.jpg,1,20141130_005502,50,328,1,1
ch2_20141130_005502_413_s66-T1.jpg,1,20141130_005502,66,236,1,1
ch2_20141130_005502_413_s8-T1.jpg,1,20141130_005502,8,53,1,1
ch2_20141130_005502_413_s8-T2.jpg,2,20141130_005502,8,379,1,0
ch2_20141130_010002_554_s12-T1.jpg,1,20141130_010002,12,731,1,1
ch2_20141130_010002_554_s12-T2.jpg,2,20141130_010002,12,751,1,0
ch2_20141130_010002_554_s123-T1.jpg,1,20141130_010002,123,123,1,1
ch2_20141130_010002_554_s123-T2.jpg,2,20141130_010002,123,147,1,1
ch2_20141130_010002_554_s123-T3.jpg,3,20141130_010002,123,169,1,1
ch2_20141130_010002_554_s123-T4.jpg,4,20141130_010002,123,201,1,1
ch2_20141130_010002_554_s143-T1.jpg,1,20141130_010002,143,63,1,1
ch2_20141130_010002_554_s143-T2.jpg,2,20141130_010002,143,276,1,1
ch2_20141130_010002_554_s2-T1.jpg,1,20141130_010002,2,169,1,1
ch2_20141130_010002_554_s44-T1.jpg,1,20141130_010002,44,403,1,1
ch2_20141130_010002_554_s49-T1.jpg,1,20141130_010002,49,776,1,0
ch2_20141130_010502_692_s123-T1.jpg,1,20141130_010502,123,527,1,1
ch2_20141130_010502_692_s123-T2.jpg,2,20141130_010502,123,559,1,0
ch2_20141130_010502_692_s136-T1.jpg,1,20141130_010502,136,322,1,0
ch2_20141130_010502_692_s15-T1.jpg,1,20141130_010502,15,598,1,1
ch2_20141130_010502_692_s15-T2.jpg,2,20141130_010502,15,963,1,0
ch2_20141130_010502_692_s51-T1.jpg,1,20141130_010502,51,341,1,0
ch2_20141130_010502_692_s54-T1.jpg,1,20141130_010502,54,461,1,0
ch2_20141130_010502_692_s54-T2.jpg,2,20141130_010502,54,757,1,0
ch2_20141130_010502_692_s86-T1.jpg,1,20141130_010502,86,139,1,1
ch2_20141130_010502_692_s99-T1.jpg,1,20141130_010502,99,609,1,0
ch2_20141130_011002_838_s110-T1.jpg,1,20141130_011002,110,81,1,1
ch2_20141130_011002_838_s137-T1.jpg,1,20141130_011002,137,30,1,1
ch2_20141130_011002_838_s33-T1.jpg,1,20141130_011002,33,526,1,0
ch2_20141130_011002_838_s90-T1.jpg,1,20141130_011002,90,978,1,1
ch2_20141130_011502_979_s141-T1.jpg,1,20141130_011502,141,453,1,1
ch2_20141130_011502_979_s24-T1.jpg,1,20141130_011502,24,315,1,1
ch2_20141130_011502_979_s24-T2.jpg,2,20141130_011502,24,666,1,1
ch2_20141130_011502_979_s63-T1.jpg,1,20141130_011502,63,329,1,1
ch2_20141130_011502_979_s63-T2.jpg,2,20141130_011502,63,355,1,1
ch2_20141130_011502_979_s63-T3.jpg,3,20141130_011502,63,367,1,1
ch2_20141130_011502_979_s63-T4.jpg,4,20141130_011502,63,590,1,0
ch2_20141130_012003_123_s113-T1.jpg,1,20141130_012003,113,493,1,1
ch2_20141130_012003_123_s113-T2.jpg,2,20141130_012003,113,654,1,1
ch2_20141130_012003_123_s114-T1.jpg,1,20141130_012003,114,80,1,1
ch2_20141130_012003_123_s116-T1.jpg,1,20141130_012003,116,839,1,1
ch2_20141130_012003_123_s28-T1.jpg,1,20141130_012003,28,960,1,1
ch2_20141130_012003_123_s52-T1.jpg,1,20141130_012003,52,483,1,1
ch2_20141130_012003_123_s99-T1.jpg,1,20141130_012003,99,828,1,1
ch2_20141130_012503_267_s1-T1.jpg,1,20141130_012503,1,956,1,0
ch2_20141130_012503_267_s100-T1.jpg,1,20141130_012503,100,355,1,1
ch2_20141130_012503_267_s124-T1.jpg,1,20141130_012503,124,18,1,1
ch2_20141130_012503_267_s31-T1.jpg,1,20141130_012503,31,436,1,1
ch2_20141130_012503_267_s31-T2.jpg,2,20141130_012503,31,530,1,1
ch2_20141130_012503_267_s47-T1.jpg,1,20141130_012503,47,817,1,1
ch2_20141130_012503_267_s72-T1.jpg,1,20141130_012503,72,769,1,0
ch2_20141130_012503_267_s73-T1.jpg,1,20141130_012503,73,394,1,1
ch2_20141130_013003_409_s64-T1.jpg,1,20141130_013003,64,565,1,1
ch2_20141130_013003_409_s72-T1.jpg,1,20141130_013003,72,61,1,1
ch2_20141130_013003_409_s72-T2.jpg,2,20141130_013003,72,197,1,0
ch2_20141130_013003_409_s72-T3.jpg,3,20141130_013003,72,365,1,1
ch2_20141130_013003_409_s99-T1.jpg,1,20141130_013003,99,221,1,1
ch2_20141130_013503_553_s104-T1.jpg,1,20141130_013503,104,595,1,0
ch2_20141130_013503_553_s12-T1.jpg,1,20141130_013503,12,196,1,0
ch2_20141130_013503_553_s12-T2.jpg,2,20141130_013503,12,271,1,0
ch2_20141130_013503_553_s12-T3.jpg,3,20141130_013503,12,554,1,0
ch2_20141130_013503_553_s13-T1.jpg,1,20141130_013503,13,424,1,1
ch2_20141130_013503_553_s36-T1.jpg,1,20141130_013503,36,742,1,1
ch2_20141130_013503_553_s62-T1.jpg,1,20141130_013503,62,568,1,1
ch2_20141130_013503_553_s81-T1.jpg,1,20141130_013503,81,6,1,1
ch2_20141130_013503_553_s87-T1.jpg,1,20141130_013503,87,498,1,1
ch2_20141130_013503_553_s88-T1.jpg,1,20141130_013503,88,18,1,0
ch2_20141130_014003_695_s15-T1.jpg,1,20141130_014003,15,757,1,1
ch2_20141130_014003_695_s15-T2.jpg,2,20141130_014003,15,987,1,1
ch2_20141130_014003_695_s21-T1.jpg,1,20141130_014003,21,738,1,1
ch2_20141130_014003_695_s22-T1.jpg,1,20141130_014003,22,75,1,0
ch2_20141130_014003_695_s32-T1.jpg,1,20141130_014003,32,657,1,1
ch2_20141130_014003_695_s71-T1.jpg,1,20141130_014003,71,224,1,1
ch2_20141130_014003_695_s71-T2.jpg,2,20141130_014003,71,312,1,1
ch2_20141130_014003_695_s71-T3.jpg,3,20141130_014003,71,498,1,1
ch2_20141130_014003_695_s71-T4.jpg,4,20141130_014003,71,806,1,1
ch2_20141130_014003_695_s96-T1.jpg,1,20141130_014003,96,510,1,0
ch2_20141130_014003_695_s96-T2.jpg,2,20141130_014003,96,705,1,1
ch2_20141130_014503_836_s102-T1.jpg,1,20141130_014503,102,138,1,1
ch2_20141130_014503_836_s140-T1.jpg,1,20141130_014503,140,827,1,0
ch2_20141130_014503_836_s140-T2.jpg,2,20141130_014503,140,930,1,0
ch2_20141130_014503_836_s15-T1.jpg,1,20141130_014503,15,887,1,1
ch2_20141130_014503_836_s16-T1.jpg,1,20141130_014503,16,103,1,1
ch2_20141130_014503_836_s16-T2.jpg,2,20141130_014503,16,155,1,1
ch2_20141130_014503_836_s55-T1.jpg,1,20141130_014503,55,584,1,1
ch2_20141130_014503_836_s81-T1.jpg,1,20141130_014503,81,6,1,1
ch2_20141130_015003_978_s11-T1.jpg,1,20141130_015003,11,196,1,1
ch2_20141130_015003_978_s25-T1.jpg,1,20141130_015003,25,860,1,0
ch2_20141130_015003_978_s5-T1.jpg,1,20141130_015003,5,117,1,1
ch2_20141130_015003_978_s5-T2.jpg,2,20141130_015003,5,428,1,0
ch2_20141130_015003_978_s5-T3.jpg,3,20141130_015003,5,565,1,1
ch2_20141130_015003_978_s5-T4.jpg,4,20141130_015003,5,672,1,0
ch2_20141130_015003_978_s57-T1.jpg,1,20141130_015003,57,731,1,1
ch2_20141130_015003_978_s58-T1.jpg,1,20141130_015003,58,77,1,0
ch2_20141130_015003_978_s58-T2.jpg,2,20141130_015003,58,341,1,1
ch2_20141130_015003_978_s58-T3.jpg,3,20141130_015003,58,400,1,1
ch2_20141130_015504_116_s118-T1.jpg,1,20141130_015504,118,54,1,1
ch2_20141130_015504_116_s41-T1.jpg,1,20141130_015504,41,502,1,1
ch2_20141130_015504_116_s41-T2.jpg,2,20141130_015504,41,597,1,1
ch2_20141130_015504_116_s80-T1.jpg,1,20141130_015504,80,279,1,1
ch2_20141130_015504_116_s80-T2.jpg,2,20141130_015504,80,672,1,1
ch2_20141130_020004_270_s24-T1.jpg,1,20141130_020004,24,716,1,0
ch2_20141130_020004_270_s30-T1.jpg,1,20141130_020004,30,757,1,1
ch2_20141130_020004_270_s6-T1.jpg,1,20141130_020004,6,405,1,1
ch2_20141130_020004_270_s78-T1.jpg,1,20141130_020004,78,243,1,1
ch2_20141130_020004_270_s78-T2.jpg,2,20141130_020004,78,260,1,1
ch2_20141130_020004_270_s85-T1.jpg,1,20141130_020004,85,62,1,0
ch2_20141130_020004_270_s87-T1.jpg,1,20141130_020004,87,12,1,1
ch2_20141130_020004_270_s99-T1.jpg,1,20141130_020004,99,937,1,1
ch2_20141130_020504_439_s27-T1.jpg,1,20141130_020504,27,180,1,1
ch2_20141130_020504_439_s52-T1.jpg,1,20141130_020504,52,661,1,1
ch2_20141130_020504_439_s67-T1.jpg,1,20141130_020504,67,104,1,1
ch2_20141130_020504_439_s67-T2.jpg,2,20141130_020504,67,355,1,0
ch2_20141130_020504_439_s86-T1.jpg,1,20141130_020504,86,757,1,1
ch2_20141130_021004_579_s46-T1.jpg,1,20141130_021004,46,316,1,1
ch2_20141130_021004_579_s56-T1.jpg,1,20141130_021004,56,961,1,1
ch2_20141130_021004_579_s64-T1.jpg,1,20141130_021004,64,27,1,1
ch2_20141130_021504_724_s39-T1.jpg,1,20141130_021504,39,682,1,0
ch2_20141130_021504_724_s64-T1.jpg,1,20141130_021504,64,108,1,1
ch2_20141130_021504_724_s64-T2.jpg,2,20141130_021504,64,441,1,0
ch2_20141130_021504_724_s95-T1.jpg,1,20141130_021504,95,524,1,0
ch2_20141130_021504_724_s95-T2.jpg,2,20141130_021504,95,686,1,1
ch2_20141130_022004_866_s117-T1.jpg,1,20141130_022004,117,329,1,1
ch2_20141130_022004_866_s117-T2.jpg,2,20141130_022004,117,361,1,1
ch2_20141130_022004_866_s117-T3.jpg,3,20141130_022004,117,443,1,1
ch2_20141130_022004_866_s134-T1.jpg,1,20141130_022004,134,189,1,1
ch2_20141130_022004_866_s19-T1.jpg,1,20141130_022004,19,909,1,1
ch2_20141130_022004_866_s89-T1.jpg,1,20141130_022004,89,277,1,1
ch2_20141130_022004_866_s90-T1.jpg,1,20141130_022004,90,11,1,1
ch2_20141130_022004_866_s90-T2.jpg,2,20141130_022004,90,46,1,1
ch2_20141130_022505_005_s22-T1.jpg,1,20141130_022505,22,648,1,1
ch2_20141130_022505_005_s22-T2.jpg,2,20141130_022505,22,675,1,0
ch2_20141130_022505_005_s48-T1.jpg,1,20141130_022505,48,377,1,1
ch2_20141130_022505_005_s49-T1.jpg,1,20141130_022505,49,151,1,1
ch2_20141130_022505_005_s49-T2.jpg,2,20141130_022505,49,214,1,0
ch2_20141130_022505_005_s76-T1.jpg,1,20141130_022505,76,145,1,1
ch2_20141130_022505_005_s76-T2.jpg,2,20141130_022505,76,204,1,1
ch2_20141130_023005_152_s1-T1.jpg,1,20141130_023005,1,170,1,1
ch2_20141130_023005_152_s1-T2.jpg,2,20141130_023005,1,187,1,1
ch2_20141130_023005_152_s100-T1.jpg,1,20141130_023005,100,635,1,1
ch2_20141130_023005_152_s106-T1.jpg,1,20141130_023005,106,873,1,0
ch2_20141130_023005_152_s106-T2.jpg,2,20141130_023005,106,978,1,1
ch2_20141130_023005_152_s106-T3.jpg,3,20141130_023005,106,988,1,1
ch2_20141130_023005_152_s107-T1.jpg,1,20141130_023005,107,899,1,1
ch2_20141130_023005_152_s39-T1.jpg,1,20141130_023005,39,707,1,1
ch2_20141130_023005_152_s39-T2.jpg,2,20141130_023005,39,709,1,0
ch2_20141130_023005_152_s39-T3.jpg,3,20141130_023005,39,722,1,1
ch2_20141130_023005_152_s72-T1.jpg,1,20141130_023005,72,676,1,1
ch2_20141130_023005_152_s72-T2.jpg,2,20141130_023005,72,718,1,1
ch2_20141130_023005_152_s72-T3.jpg,3,20141130_023005,72,744,1,1
ch2_20141130_023005_152_s72-T4.jpg,4,20141130_023005,72,765,1,1
ch2_20141130_023505_292_s121-T1.jpg,1,20141130_023505,121,381,1,1
ch2_20141130_023505_292_s129-T1.jpg,1,20141130_023505,129,766,1,1
ch2_20141130_023505_292_s53-T1.jpg,1,20141130_023505,53,519,1,1
ch2_20141130_023505_292_s88-T1.jpg,1,20141130_023505,88,270,1,1
ch2_20141130_023505_292_s89-T1.jpg,1,20141130_023505,89,388,1,1
ch2_20141130_023505_292_s89-T2.jpg,2,20141130_023505,89,438,1,1
ch2_20141130_023505_292_s9-T1.jpg,1,20141130_023505,9,826,1,1
ch2_20141130_024005_432_s108-T1.jpg,1,20141130_024005,108,220,1,1
ch2_20141130_024005_432_s108-T2.jpg,2,20141130_024005,108,260,1,1
ch2_20141130_024005_432_s141-T1.jpg,1,20141130_024005,141,748,1,1
ch2_20141130_024005_432_s85-T1.jpg,1,20141130_024005,85,746,1,1
ch2_20141130_024005_432_s85-T2.jpg,2,20141130_024005,85,796,1,0
ch2_20141130_024005_432_s85-T3.jpg,3,20141130_024005,85,803,1,1
ch2_20141130_024005_432_s93-T1.jpg,1,20141130_024005,93,81,1,1
ch2_20141130_024505_574_s104-T1.jpg,1,20141130_024505,104,897,1,1
ch2_20141130_024505_574_s6-T1.jpg,1,20141130_024505,6,924,1,1
ch2_20141130_024505_574_s80-T1.jpg,1,20141130_024505,80,650,1,1
ch2_20141130_024505_574_s80-T2.jpg,2,20141130_024505,80,709,1,1
ch2_20141130_025005_713_s140-T1.jpg,1,20141130_025005,140,828,1,0
ch2_20141130_025005_713_s142-T1.jpg,1,20141130_025005,142,274,1,1
ch2_20141130_025005_713_s43-T1.jpg,1,20141130_025005,43,956,1,1
ch2_20141130_025005_713_s50-T1.jpg,1,20141130_025005,50,184,1,1
ch2_20141130_025505_853_s113-T1.jpg,1,20141130_025505,113,66,1,1
ch2_20141130_025505_853_s3-T1.jpg,1,20141130_025505,3,603,1,1
ch2_20141130_025505_853_s58-T1.jpg,1,20141130_025505,58,256,1,1
ch2_20141130_025505_853_s73-T1.jpg,1,20141130_025505,73,786,1,1
ch2_20141130_030005_992_s124-T1.jpg,1,20141130_030005,124,176,1,1
ch2_20141130_030005_992_s142-T1.jpg,1,20141130_030005,142,716,1,1
ch2_20141130_030005_992_s7-T1.jpg,1,20141130_030005,7,139,1,1
ch2_20141130_030506_131_s105-T1.jpg,1,20141130_030506,105,889,1,1
ch2_20141130_030506_131_s105-T2.jpg,2,20141130_030506,105,900,1,1
ch2_20141130_030506_131_s123-T1.jpg,1,20141130_030506,123,389,1,1
ch2_20141130_030506_131_s37-T1.jpg,1,20141130_030506,37,773,1,1
ch2_20141130_030506_131_s37-T2.jpg,2,20141130_030506,37,789,1,1
ch2_20141130_030506_131_s52-T1.jpg,1,20141130_030506,52,541,1,1
ch2_20141130_030506_131_s52-T2.jpg,2,20141130_030506,52,550,1,1
ch2_20141130_030506_131_s90-T1.jpg,1,20141130_030506,90,315,1,1
ch2_20141130_030506_131_s90-T2.jpg,2,20141130_030506,90,334,1,1
ch2_20141130_031006_276_s107-T1.jpg,1,20141130_031006,107,184,1,1
ch2_20141130_031006_276_s107-T2.jpg,2,20141130_031006,107,219,1,1
ch2_20141130_031006_276_s107-T3.jpg,3,20141130_031006,107,232,1,1
ch2_20141130_031006_276_s107-T4.jpg,4,20141130_031006,107,281,1,1
ch2_20141130_031006_276_s118-T1.jpg,1,20141130_031006,118,742,1,1
ch2_20141130_031006_276_s118-T2.jpg,2,20141130_031006,118,952,1,0
ch2_20141130_031006_276_s141-T1.jpg,1,20141130_031006,141,369,1,1
ch2_20141130_031006_276_s75-T1.jpg,1,20141130_031006,75,471,1,1
ch2_20141130_031006_276_s75-T2.jpg,2,20141130_031006,75,564,1,1
ch2_20141130_031506_415_s135-T1.jpg,1,20141130_031506,135,548,1,1
ch2_20141130_031506_415_s2-T1.jpg,1,20141130_031506,2,701,1,1
ch2_20141130_031506_415_s2-T2.jpg,2,20141130_031506,2,934,1,1
ch2_20141130_031506_415_s29-T1.jpg,1,20141130_031506,29,932,1,1
ch2_20141130_031506_415_s29-T2.jpg,2,20141130_031506,29,937,1,1
ch2_20141130_031506_415_s29-T3.jpg,3,20141130_031506,29,955,1,1
ch2_20141130_031506_415_s55-T1.jpg,1,20141130_031506,55,814,1,1
ch2_20141130_031506_415_s55-T2.jpg,2,20141130_031506,55,853,1,1
ch2_20141130_031506_415_s62-T1.jpg,1,20141130_031506,62,866,1,1
ch2_20141130_031506_415_s62-T2.jpg,2,20141130_031506,62,897,1,1
ch2_20141130_031506_415_s70-T1.jpg,1,20141130_031506,70,56,1,0
ch2_20141130_031506_415_s70-T2.jpg,2,20141130_031506,70,510,1,1
ch2_20141130_031506_415_s70-T3.jpg,3,20141130_031506,70,554,1,1
ch2_20141130_031506_415_s84-T1.jpg,1,20141130_031506,84,106,1,1
ch2_20141130_032006_555_s13-T1.jpg,1,20141130_032006,13,828,1,1
ch2_20141130_032006_555_s2-T1.jpg,1,20141130_032006,2,861,1,1
ch2_20141130_032006_555_s31-T1.jpg,1,20141130_032006,31,682,1,1
ch2_20141130_032006_555_s78-T1.jpg,1,20141130_032006,78,724,1,1
ch2_20141130_032506_700_s10-T1.jpg,1,20141130_032506,10,99,1,1
ch2_20141130_032506_700_s10-T2.jpg,2,20141130_032506,10,127,1,1
ch2_20141130_032506_700_s11-T1.jpg,1,20141130_032506,11,832,1,1
ch2_20141130_032506_700_s129-T1.jpg,1,20141130_032506,129,930,1,1
ch2_20141130_032506_700_s131-T1.jpg,1,20141130_032506,131,393,1,1
ch2_20141130_032506_700_s16-T1.jpg,1,20141130_032506,16,904,1,1
ch2_20141130_032506_700_s17-T1.jpg,1,20141130_032506,17,244,1,1
ch2_20141130_032506_700_s17-T2.jpg,2,20141130_032506,17,269,1,1
ch2_20141130_032506_700_s17-T3.jpg,3,20141130_032506,17,285,1,1
ch2_20141130_033006_839_s107-T1.jpg,1,20141130_033006,107,483,1,0
ch2_20141130_033006_839_s13-T1.jpg,1,20141130_033006,13,422,1,1
ch2_20141130_033006_839_s13-T2.jpg,2,20141130_033006,13,448,1,1
ch2_20141130_033006_839_s13-T3.jpg,3,20141130_033006,13,485,1,1
ch2_20141130_033006_839_s13-T4.jpg,4,20141130_033006,13,500,1,1
ch2_20141130_033006_839_s73-T1.jpg,1,20141130_033006,73,20,1,1
ch2_20141130_033006_839_s73-T2.jpg,2,20141130_033006,73,723,1,1
ch2_20141130_033506_982_s133-T1.jpg,1,20141130_033506,133,773,1,1
ch2_20141130_033506_982_s43-T1.jpg,1,20141130_033506,43,678,1,1
ch2_20141130_033506_982_s7-T1.jpg,1,20141130_033506,7,709,1,0
ch2_20141130_034007_120_s112-T1.jpg,1,20141130_034007,112,268,1,1
ch2_20141130_034007_120_s135-T1.jpg,1,20141130_034007,135,560,1,0
ch2_20141130_034007_120_s135-T2.jpg,2,20141130_034007,135,942,1,1
ch2_20141130_034007_120_s46-T1.jpg,1,20141130_034007,46,315,1,1
ch2_20141130_034007_120_s46-T2.jpg,2,20141130_034007,46,329,1,1
ch2_20141130_034007_120_s47-T1.jpg,1,20141130_034007,47,198,1,1
ch2_20141130_034007_120_s53-T1.jpg,1,20141130_034007,53,201,1,1
ch2_20141130_034007_120_s53-T2.jpg,2,20141130_034007,53,273,1,1
ch2_20141130_034507_261_s102-T1.jpg,1,20141130_034507,102,704,1,1
ch2_20141130_034507_261_s42-T1.jpg,1,20141130_034507,42,645,1,1
ch2_20141130_034507_261_s7-T1.jpg,1,20141130_034507,7,16,1,1
ch2_20141130_034507_261_s7-T2.jpg,2,20141130_034507,7,70,1,1
ch2_20141130_034507_261_s91-T1.jpg,1,20141130_034507,91,895,1,1
ch2_20141130_034507_261_s97-T1.jpg,1,20141130_034507,97,303,1,0
ch2_20141130_034507_261_s97-T2.jpg,2,20141130_034507,97,323,1,0
ch2_20141130_035007_406_s114-T1.jpg,1,20141130_035007,114,569,1,0
ch2_20141130_035007_406_s114-T2.jpg,2,20141130_035007,114,614,1,1
ch2_20141130_035007_406_s130-T1.jpg,1,20141130_035007,130,394,1,0
ch2_20141130_035007_406_s20-T1.jpg,1,20141130_035007,20,172,1,1
ch2_20141130_035007_406_s29-T1.jpg,1,20141130_035007,29,14,1,1
ch2_20141130_035007_406_s29-T2.jpg,2,20141130_035007,29,363,1,1
ch2_20141130_035007_406_s29-T3.jpg,3,20141130_035007,29,388,1,1
ch2_20141130_035007_406_s47-T1.jpg,1,20141130_035007,47,329,1,1
ch2_20141130_035007_406_s49-T1.jpg,1,20141130_035007,49,275,1,1
ch2_20141130_035007_406_s49-T2.jpg,2,20141130_035007,49,289,1,1
ch2_20141130_035007_406_s7-T1.jpg,1,20141130_035007,7,506,1,1
ch2_20141130_035507_546_s125-T1.jpg,1,20141130_035507,125,189,1,1
ch2_20141130_035507_546_s37-T1.jpg,1,20141130_035507,37,83,1,1
ch2_20141130_035507_546_s37-T2.jpg,2,20141130_035507,37,129,1,1
ch2_20141130_035507_546_s37-T3.jpg,3,20141130_035507,37,194,1,1
ch2_20141130_035507_546_s37-T4.jpg,4,20141130_035507,37,268,1,0
ch2_20141130_035507_546_s58-T1.jpg,1,20141130_035507,58,852,1,0
ch2_20141130_035507_546_s84-T1.jpg,1,20141130_035507,84,678,1,0
ch2_20141130_035507_546_s85-T1.jpg,1,20141130_035507,85,658,1,1
ch2_20141130_035507_546_s99-T1.jpg,1,20141130_035507,99,291,1,0
ch2_20141130_040007_686_s101-T1.jpg,1,20141130_040007,101,92,1,1
ch2_20141130_040007_686_s101-T2.jpg,2,20141130_040007,101,114,1,1
ch2_20141130_040007_686_s101-T3.jpg,3,20141130_040007,101,139,1,1
ch2_20141130_040007_686_s107-T1.jpg,1,20141130_040007,107,203,1,0
ch2_20141130_040007_686_s42-T1.jpg,1,20141130_040007,42,401,1,1
ch2_20141130_040007_686_s48-T1.jpg,1,20141130_040007,48,339,1,1
ch2_20141130_040007_686_s52-T1.jpg,1,20141130_040007,52,417,1,1
ch2_20141130_040007_686_s60-T1.jpg,1,20141130_040007,60,307,1,1
ch2_20141130_040007_686_s7-T1.jpg,1,20141130_040007,7,982,1,1
ch2_20141130_040507_827_s128-T1.jpg,1,20141130_040507,128,808,1,0
ch2_20141130_040507_827_s128-T2.jpg,2,20141130_040507,128,968,1,1
ch2_20141130_040507_827_s135-T1.jpg,1,20141130_040507,135,424,1,1
ch2_20141130_040507_827_s18-T1.jpg,1,20141130_040507,18,783,1,1
ch2_20141130_040507_827_s30-T1.jpg,1,20141130_040507,30,587,1,1
ch2_20141130_040507_827_s49-T1.jpg,1,20141130_040507,49,61,1,0
ch2_20141130_040507_827_s61-T1.jpg,1,20141130_040507,61,691,1,1
ch2_20141130_040507_827_s61-T2.jpg,2,20141130_040507,61,797,1,0
ch2_20141130_040507_827_s64-T1.jpg,1,20141130_040507,64,27,1,1
ch2_20141130_040507_827_s64-T2.jpg,2,20141130_040507,64,40,1,1
ch2_20141130_041007_968_s112-T1.jpg,1,20141130_041007,112,189,1,1
ch2_20141130_041007_968_s112-T2.jpg,2,20141130_041007,112,221,1,0
ch2_20141130_041007_968_s117-T1.jpg,1,20141130_041007,117,39,1,1
ch2_20141130_041007_968_s126-T1.jpg,1,20141130_041007,126,260,1,1
ch2_20141130_041007_968_s126-T2.jpg,2,20141130_041007,126,294,1,1
ch2_20141130_041007_968_s133-T1.jpg,1,20141130_041007,133,533,1,1
ch2_20141130_041007_968_s22-T1.jpg,1,20141130_041007,22,417,1,1
ch2_20141130_041007_968_s22-T2.jpg,2,20141130_041007,22,649,1,1
ch2_20141130_041007_968_s22-T3.jpg,3,20141130_041007,22,959,1,1
ch2_20141130_041007_968_s34-T1.jpg,1,20141130_041007,34,524,1,1
ch2_20141130_041007_968_s37-T1.jpg,1,20141130_041007,37,735,1,0
ch2_20141130_041508_110_s4-T1.jpg,1,20141130_041508,4,589,1,1
ch2_20141130_041508_110_s4-T2.jpg,2,20141130_041508,4,961,1,1
ch2_20141130_041508_110_s49-T1.jpg,1,20141130_041508,49,735,1,1
ch2_20141130_041508_110_s64-T1.jpg,1,20141130_041508,64,773,1,1
ch2_20141130_041508_110_s85-T1.jpg,1,20141130_041508,85,315,1,1
ch2_20141130_041508_110_s85-T2.jpg,2,20141130_041508,85,394,1,0
ch2_20141130_042008_249_s108-T1.jpg,1,20141130_042008,108,928,1,1
ch2_20141130_042008_249_s120-T1.jpg,1,20141130_042008,120,103,1,1
ch2_20141130_042008_249_s45-T1.jpg,1,20141130_042008,45,303,1,1
ch2_20141130_042008_249_s52-T1.jpg,1,20141130_042008,52,283,1,1
ch2_20141130_042008_249_s85-T1.jpg,1,20141130_042008,85,274,1,1
ch2_20141130_042508_395_s127-T1.jpg,1,20141130_042508,127,631,1,1
ch2_20141130_042508_395_s129-T1.jpg,1,20141130_042508,129,80,1,1
ch2_20141130_042508_395_s22-T1.jpg,1,20141130_042508,22,77,1,1
ch2_20141130_042508_395_s49-T1.jpg,1,20141130_042508,49,229,1,1
ch2_20141130_042508_395_s79-T1.jpg,1,20141130_042508,79,30,1,1
ch2_20141130_042508_395_s79-T2.jpg,2,20141130_042508,79,153,1,1
ch2_20141130_042508_395_s90-T1.jpg,1,20141130_042508,90,80,1,1
ch2_20141130_042508_395_s90-T2.jpg,2,20141130_042508,90,113,1,1
ch2_20141130_043008_539_s109-T1.jpg,1,20141130_043008,109,534,1,1
ch2_20141130_043008_539_s12-T1.jpg,1,20141130_043008,12,961,1,0
ch2_20141130_043008_539_s12-T2.jpg,2,20141130_043008,12,984,1,0
ch2_20141130_043008_539_s16-T1.jpg,1,20141130_043008,16,397,1,0
ch2_20141130_043008_539_s16-T2.jpg,2,20141130_043008,16,420,1,1
ch2_20141130_043508_683_s39-T1.jpg,1,20141130_043508,39,477,1,1
ch2_20141130_043508_683_s68-T1.jpg,1,20141130_043508,68,899,1,1
ch2_20141130_043508_683_s68-T2.jpg,2,20141130_043508,68,986,1,1
ch2_20141130_044008_823_s122-T1.jpg,1,20141130_044008,122,714,1,1
ch2_20141130_044008_823_s123-T1.jpg,1,20141130_044008,123,471,1,0
ch2_20141130_044008_823_s123-T2.jpg,2,20141130_044008,123,697,1,1
ch2_20141130_044008_823_s129-T1.jpg,1,20141130_044008,129,235,1,1
ch2_20141130_044008_823_s33-T1.jpg,1,20141130_044008,33,988,1,1
ch2_20141130_044008_823_s6-T1.jpg,1,20141130_044008,6,567,1,1
ch2_20141130_044008_823_s6-T2.jpg,2,20141130_044008,6,586,1,1
ch2_20141130_044008_823_s71-T1.jpg,1,20141130_044008,71,776,1,1
ch2_20141130_044508_962_s33-T1.jpg,1,20141130_044508,33,688,1,1
ch2_20141130_044508_962_s33-T2.jpg,2,20141130_044508,33,695,1,1
ch2_20141130_044508_962_s66-T1.jpg,1,20141130_044508,66,6,1,1
ch2_20141130_044508_962_s81-T1.jpg,1,20141130_044508,81,44,1,1
ch2_20141130_044508_962_s81-T2.jpg,2,20141130_044508,81,76,1,1
ch2_20141130_044508_962_s99-T1.jpg,1,20141130_044508,99,939,1,1
ch2_20141130_045009_105_s15-T1.jpg,1,20141130_045009,15,705,1,1
ch2_20141130_045009_105_s22-T1.jpg,1,20141130_045009,22,77,1,1
ch2_20141130_045009_105_s48-T1.jpg,1,20141130_045009,48,367,1,1
ch2_20141130_045009_105_s57-T1.jpg,1,20141130_045009,57,802,1,1
ch2_20141130_045009_105_s58-T1.jpg,1,20141130_045009,58,429,1,1
ch2_20141130_045509_250_s106-T1.jpg,1,20141130_045509,106,972,1,1
ch2_20141130_045509_250_s126-T1.jpg,1,20141130_045509,126,541,1,1
ch2_20141130_045509_250_s126-T2.jpg,2,20141130_045509,126,588,1,1
ch2_20141130_045509_250_s126-T3.jpg,3,20141130_045509,126,639,1,1
ch2_20141130_045509_250_s129-T1.jpg,1,20141130_045509,129,820,1,1
ch2_20141130_045509_250_s30-T1.jpg,1,20141130_045509,30,235,1,0
ch2_20141130_045509_250_s30-T2.jpg,2,20141130_045509,30,286,1,1
ch2_20141130_045509_250_s40-T1.jpg,1,20141130_045509,40,441,1,1
ch2_20141130_045509_250_s57-T1.jpg,1,20141130_045509,57,158,1,1
ch2_20141130_045509_250_s57-T2.jpg,2,20141130_045509,57,194,1,1
ch2_20141130_045509_250_s61-T1.jpg,1,20141130_045509,61,490,1,1
ch2_20141130_045509_250_s93-T1.jpg,1,20141130_045509,93,15,1,1
ch2_20141130_045509_250_s93-T2.jpg,2,20141130_045509,93,218,1,0
ch2_20141130_050009_395_s105-T1.jpg,1,20141130_050009,105,664,1,1
ch2_20141130_050009_395_s110-T1.jpg,1,20141130_050009,110,342,1,1
ch2_20141130_050009_395_s110-T2.jpg,2,20141130_050009,110,360,1,1
ch2_20141130_050009_395_s112-T1.jpg,1,20141130_050009,112,207,1,1
ch2_20141130_050009_395_s112-T2.jpg,2,20141130_050009,112,262,1,1
ch2_20141130_050009_395_s123-T1.jpg,1,20141130_050009,123,242,1,1
ch2_20141130_050009_395_s46-T1.jpg,1,20141130_050009,46,322,1,1
ch2_20141130_050009_395_s71-T1.jpg,1,20141130_050009,71,394,1,1
ch2_20141130_050009_395_s71-T2.jpg,2,20141130_050009,71,418,1,1
ch2_20141130_050009_395_s72-T1.jpg,1,20141130_050009,72,811,1,1
ch2_20141130_050009_395_s90-T1.jpg,1,20141130_050009,90,717,1,1
ch2_20141130_050509_541_s120-T1.jpg,1,20141130_050509,120,32,1,1
ch2_20141130_050509_541_s120-T2.jpg,2,20141130_050509,120,32,1,1
ch2_20141130_050509_541_s120-T3.jpg,3,20141130_050509,120,370,1,1
ch2_20141130_050509_541_s120-T4.jpg,4,20141130_050509,120,436,1,1
ch2_20141130_050509_541_s120-T5.jpg,5,20141130_050509,120,534,1,1
ch2_20141130_050509_541_s123-T1.jpg,1,20141130_050509,123,87,1,1
ch2_20141130_050509_541_s123-T2.jpg,2,20141130_050509,123,277,1,1
ch2_20141130_050509_541_s128-T1.jpg,1,20141130_050509,128,983,1,1
ch2_20141130_050509_541_s129-T1.jpg,1,20141130_050509,129,66,1,1
ch2_20141130_050509_541_s55-T1.jpg,1,20141130_050509,55,362,1,0
ch2_20141130_050509_541_s55-T2.jpg,2,20141130_050509,55,401,1,1
ch2_20141130_050509_541_s70-T1.jpg,1,20141130_050509,70,742,1,1
ch2_20141130_050509_541_s87-T1.jpg,1,20141130_050509,87,528,1,1
ch2_20141130_051009_682_s109-T1.jpg,1,20141130_051009,109,582,1,1
ch2_20141130_051009_682_s110-T1.jpg,1,20141130_051009,110,451,1,1
ch2_20141130_051009_682_s111-T1.jpg,1,20141130_051009,111,564,1,1
ch2_20141130_051009_682_s137-T1.jpg,1,20141130_051009,137,178,1,1
ch2_20141130_051009_682_s30-T1.jpg,1,20141130_051009,30,30,1,1
ch2_20141130_051009_682_s47-T1.jpg,1,20141130_051009,47,209,1,1
ch2_20141130_051009_682_s49-T1.jpg,1,20141130_051009,49,536,1,1
ch2_20141130_051509_826_s113-T1.jpg,1,20141130_051509,113,768,1,1
ch2_20141130_051509_826_s118-T1.jpg,1,20141130_051509,118,994,1,1
ch2_20141130_051509_826_s47-T1.jpg,1,20141130_051509,47,605,1,1
ch2_20141130_051509_826_s52-T1.jpg,1,20141130_051509,52,728,1,1
ch2_20141130_051509_826_s83-T1.jpg,1,20141130_051509,83,664,1,1
ch2_20141130_051509_826_s84-T1.jpg,1,20141130_051509,84,557,1,1
ch2_20141130_052009_964_s100-T1.jpg,1,20141130_052009,100,109,1,1
ch2_20141130_052009_964_s100-T2.jpg,2,20141130_052009,100,102,1,1
ch2_20141130_052009_964_s131-T1.jpg,1,20141130_052009,131,830,1,0
ch2_20141130_052009_964_s17-T1.jpg,1,20141130_052009,17,157,1,1
ch2_20141130_052009_964_s71-T1.jpg,1,20141130_052009,71,457,1,1
ch2_20141130_052009_964_s71-T2.jpg,2,20141130_052009,71,652,1,1
ch2_20141130_052510_107_s133-T1.jpg,1,20141130_052510,133,472,1,1
ch2_20141130_052510_107_s38-T1.jpg,1,20141130_052510,38,70,1,1
ch2_20141130_052510_107_s73-T1.jpg,1,20141130_052510,73,373,1,1
ch2_20141130_053010_244_s127-T1.jpg,1,20141130_053010,127,486,1,1
ch2_20141130_053010_244_s19-T1.jpg,1,20141130_053010,19,140,1,1
ch2_20141130_053010_244_s28-T1.jpg,1,20141130_053010,28,296,1,1
ch2_20141130_053010_244_s28-T2.jpg,2,20141130_053010,28,396,1,1
ch2_20141130_053010_244_s46-T1.jpg,1,20141130_053010,46,721,1,1
ch2_20141130_053010_244_s82-T1.jpg,1,20141130_053010,82,291,1,1
ch2_20141130_053510_393_s2-T1.jpg,1,20141130_053510,2,562,1,1
ch2_20141130_053510_393_s35-T1.jpg,1,20141130_053510,35,723,1,1
ch2_20141130_053510_393_s99-T1.jpg,1,20141130_053510,99,540,1,1
ch2_20141130_054010_540_s50-T1.jpg,1,20141130_054010,50,70,1,1
ch2_20141130_054010_540_s52-T1.jpg,1,20141130_054010,52,374,1,1
ch2_20141130_054010_540_s67-T1.jpg,1,20141130_054010,67,874,1,1
ch2_20141130_054010_540_s86-T1.jpg,1,20141130_054010,86,615,1,1
ch2_20141130_054010_540_s90-T1.jpg,1,20141130_054010,90,87,1,1
ch2_20141130_054510_684_s121-T1.jpg,1,20141130_054510,121,787,1,1
ch2_20141130_054510_684_s57-T1.jpg,1,20141130_054510,57,935,1,1
ch2_20141130_054510_684_s57-T2.jpg,2,20141130_054510,57,946,1,1
ch2_20141130_054510_684_s59-T1.jpg,1,20141130_054510,59,364,1,1
ch2_20141130_054510_684_s63-T1.jpg,1,20141130_054510,63,546,1,1
ch2_20141130_054510_684_s63-T2.jpg,2,20141130_054510,63,609,1,1
ch2_20141130_055010_829_s14-T1.jpg,1,20141130_055010,14,653,1,1
ch2_20141130_055510_971_s53-T1.jpg,1,20141130_055510,53,538,1,1
ch2_20141130_055510_971_s59-T1.jpg,1,20141130_055510,59,683,1,1
ch2_20141130_055510_971_s59-T2.jpg,2,20141130_055510,59,705,1,1
ch2_20141130_060011_111_s136-T1.jpg,1,20141130_060011,136,139,1,1
ch2_20141130_060011_111_s28-T1.jpg,1,20141130_060011,28,918,1,1
ch2_20141130_060511_250_s100-T1.jpg,1,20141130_060511,100,324,1,1
ch2_20141130_060511_250_s133-T1.jpg,1,20141130_060511,133,789,1,1
ch2_20141130_061011_394_s37-T1.jpg,1,20141130_061011,37,157,1,1
ch2_20141130_061011_394_s37-T2.jpg,2,20141130_061011,37,180,1,1
ch2_20141130_061011_394_s37-T3.jpg,3,20141130_061011,37,680,1,1
ch2_20141130_061011_394_s89-T1.jpg,1,20141130_061011,89,652,1,1
ch2_20141130_061511_535_s2-T1.jpg,1,20141130_061511,2,411,1,1
ch2_20141130_062011_678_s42-T1.jpg,1,20141130_062011,42,941,1,1
ch2_20141130_062511_819_s80-T1.jpg,1,20141130_062511,80,915,1,1
ch2_20141130_083515_538_s137-T1.jpg,1,20141130_083515,137,394,1,1
ch2_20141130_110019_661_s96-T1.jpg,1,20141130_110019,96,985,1,1
ch2_20141130_113020_524_s116-T1.jpg,1,20141130_113020,116,315,1,1
ch2_20141130_113520_666_s134-T1.jpg,1,20141130_113520,134,481,1,1
ch2_20141130_113520_666_s58-T1.jpg,1,20141130_113520,58,802,1,1
ch2_20141130_121021_663_s84-T1.jpg,1,20141130_121021,84,597,1,1
ch2_20141130_124522_654_s136-T1.jpg,1,20141130_124522,136,671,1,1
ch2_20141130_130523_221_s11-T1.jpg,1,20141130_130523,11,106,1,1
ch2_20141130_130523_221_s21-T1.jpg,1,20141130_130523,21,322,1,1
ch2_20141130_134524_372_s15-T1.jpg,1,20141130_134524,15,202,1,1
ch2_20141130_134524_372_s44-T1.jpg,1,20141130_134524,44,5,1,1
ch2_20141130_135024_512_s110-T1.jpg,1,20141130_135024,110,311,1,1
ch2_20141130_135024_512_s83-T1.jpg,1,20141130_135024,83,254,1,1
ch2_20141130_140024_794_s107-T1.jpg,1,20141130_140024,107,946,1,1
ch2_20141130_142025_372_s27-T1.jpg,1,20141130_142025,27,739,1,1
ch2_20141130_144025_949_s48-T1.jpg,1,20141130_144025,48,728,1,1
ch2_20141130_144526_088_s127-T1.jpg,1,20141130_144526,127,614,1,1
ch2_20141130_144526_088_s38-T1.jpg,1,20141130_144526,38,476,1,1
ch2_20141130_144526_088_s42-T1.jpg,1,20141130_144526,42,773,1,1
ch2_20141130_145026_229_s106-T1.jpg,1,20141130_145026,106,182,1,1
ch2_20141130_145026_229_s107-T1.jpg,1,20141130_145026,107,825,1,1
ch2_20141130_145026_229_s38-T1.jpg,1,20141130_145026,38,620,1,1
ch2_20141130_145526_367_s135-T1.jpg,1,20141130_145526,135,140,1,1
ch2_20141130_145526_367_s31-T1.jpg,1,20141130_145526,31,183,1,1
ch2_20141130_150026_513_s106-T1.jpg,1,20141130_150026,106,980,1,1
ch2_20141130_150026_513_s84-T1.jpg,1,20141130_150026,84,880,1,1
ch2_20141130_150526_658_s24-T1.jpg,1,20141130_150526,24,53,1,1
ch2_20141130_152027_082_s20-T1.jpg,1,20141130_152027,20,368,1,1
ch2_20141130_153527_516_s75-T1.jpg,1,20141130_153527,75,693,1,1
ch2_20141130_153527_516_s75-T2.jpg,2,20141130_153527,75,720,1,1
ch2_20141130_154027_664_s45-T1.jpg,1,20141130_154027,45,833,1,1
ch2_20141130_154527_808_s102-T1.jpg,1,20141130_154527,102,786,1,1
ch2_20141130_155027_944_s43-T1.jpg,1,20141130_155027,43,4,1,1
ch2_20141130_155027_944_s47-T1.jpg,1,20141130_155027,47,568,1,1
ch2_20141130_155528_090_s119-T1.jpg,1,20141130_155528,119,372,1,1
ch2_20141130_155528_090_s67-T1.jpg,1,20141130_155528,67,934,1,1
ch2_20141130_160028_231_s3-T1.jpg,1,20141130_160028,3,806,1,1
ch2_20141130_160528_372_s132-T1.jpg,1,20141130_160528,132,771,1,1
ch2_20141130_160528_372_s78-T1.jpg,1,20141130_160528,78,72,1,1
ch2_20141130_161028_516_s104-T1.jpg,1,20141130_161028,104,443,1,1
ch2_20141130_161028_516_s109-T1.jpg,1,20141130_161028,109,814,1,1
ch2_20141130_161028_516_s24-T1.jpg,1,20141130_161028,24,472,1,1
ch2_20141130_161028_516_s80-T1.jpg,1,20141130_161028,80,508,1,1
ch2_20141130_161528_669_s50-T1.jpg,1,20141130_161528,50,863,1,1
ch2_20141130_161528_669_s7-T1.jpg,1,20141130_161528,7,81,1,1
ch2_20141130_162028_814_s128-T1.jpg,1,20141130_162028,128,982,1,1
ch2_20141130_162028_814_s35-T1.jpg,1,20141130_162028,35,148,1,1
ch2_20141130_162028_814_s49-T1.jpg,1,20141130_162028,49,390,1,1
ch2_20141130_162028_814_s52-T1.jpg,1,20141130_162028,52,662,1,1
ch2_20141130_162028_814_s53-T1.jpg,1,20141130_162028,53,982,1,1
ch2_20141130_162028_814_s85-T1.jpg,1,20141130_162028,85,804,1,1
ch2_20141130_162528_964_s110-T1.jpg,1,20141130_162528,110,571,1,1
ch2_20141130_162528_964_s123-T1.jpg,1,20141130_162528,123,163,1,1
ch2_20141130_162528_964_s130-T1.jpg,1,20141130_162528,130,269,1,1
ch2_20141130_162528_964_s134-T1.jpg,1,20141130_162528,134,954,1,1
ch2_20141130_162528_964_s134-T2.jpg,2,20141130_162528,134,978,1,1
ch2_20141130_163029_106_s102-T1.jpg,1,20141130_163029,102,607,1,1
ch2_20141130_163029_106_s106-T1.jpg,1,20141130_163029,106,904,1,1
ch2_20141130_163029_106_s113-T1.jpg,1,20141130_163029,113,342,1,1
ch2_20141130_163029_106_s137-T1.jpg,1,20141130_163029,137,239,1,1
ch2_20141130_163029_106_s140-T1.jpg,1,20141130_163029,140,800,1,1
ch2_20141130_163029_106_s17-T1.jpg,1,20141130_163029,17,770,1,1
ch2_20141130_163029_106_s21-T1.jpg,1,20141130_163029,21,127,1,1
ch2_20141130_163029_106_s48-T1.jpg,1,20141130_163029,48,855,1,1
ch2_20141130_163529_251_s103-T1.jpg,1,20141130_163529,103,658,1,1
ch2_20141130_163529_251_s133-T1.jpg,1,20141130_163529,133,97,1,0
ch2_20141130_163529_251_s25-T1.jpg,1,20141130_163529,25,49,1,1
ch2_20141130_163529_251_s45-T1.jpg,1,20141130_163529,45,536,1,1
ch2_20141130_163529_251_s47-T1.jpg,1,20141130_163529,47,14,1,1
ch2_20141130_163529_251_s49-T1.jpg,1,20141130_163529,49,384,1,1
ch2_20141130_163529_251_s49-T2.jpg,2,20141130_163529,49,866,1,1
ch2_20141130_163529_251_s68-T1.jpg,1,20141130_163529,68,935,1,1
ch2_20141130_163529_251_s68-T2.jpg,2,20141130_163529,68,975,1,1
ch2_20141130_164029_395_s126-T1.jpg,1,20141130_164029,126,153,1,1
ch2_20141130_164029_395_s130-T1.jpg,1,20141130_164029,130,968,1,1
ch2_20141130_164029_395_s16-T1.jpg,1,20141130_164029,16,806,1,1
ch2_20141130_164029_395_s22-T1.jpg,1,20141130_164029,22,512,1,1
ch2_20141130_164029_395_s22-T2.jpg,2,20141130_164029,22,567,1,1
ch2_20141130_164029_395_s67-T1.jpg,1,20141130_164029,67,98,1,1
ch2_20141130_164029_395_s84-T1.jpg,1,20141130_164029,84,160,1,1
ch2_20141130_164529_540_s109-T1.jpg,1,20141130_164529,109,172,1,1
ch2_20141130_164529_540_s111-T1.jpg,1,20141130_164529,111,562,1,1
ch2_20141130_164529_540_s111-T2.jpg,2,20141130_164529,111,584,1,1
ch2_20141130_164529_540_s13-T1.jpg,1,20141130_164529,13,680,1,1
ch2_20141130_164529_540_s13-T2.jpg,2,20141130_164529,13,862,1,1
ch2_20141130_164529_540_s25-T1.jpg,1,20141130_164529,25,56,1,1
ch2_20141130_164529_540_s42-T1.jpg,1,20141130_164529,42,33,1,1
ch2_20141130_164529_540_s65-T1.jpg,1,20141130_164529,65,754,1,1
ch2_20141130_164529_540_s67-T1.jpg,1,20141130_164529,67,650,1,1
ch2_20141130_164529_540_s76-T1.jpg,1,20141130_164529,76,166,1,1
ch2_20141130_164529_540_s76-T2.jpg,2,20141130_164529,76,230,1,1
ch2_20141130_165029_685_s10-T1.jpg,1,20141130_165029,10,973,1,0
ch2_20141130_165029_685_s106-T1.jpg,1,20141130_165029,106,714,1,1
ch2_20141130_165029_685_s106-T2.jpg,2,20141130_165029,106,958,1,1
ch2_20141130_165029_685_s26-T1.jpg,1,20141130_165029,26,932,1,1
ch2_20141130_165029_685_s36-T1.jpg,1,20141130_165029,36,768,1,0
ch2_20141130_165029_685_s38-T1.jpg,1,20141130_165029,38,6,1,1
ch2_20141130_165029_685_s41-T1.jpg,1,20141130_165029,41,968,1,1
ch2_20141130_165029_685_s99-T1.jpg,1,20141130_165029,99,51,1,1
ch2_20141130_165529_829_s110-T1.jpg,1,20141130_165529,110,352,1,1
ch2_20141130_165529_829_s110-T2.jpg,2,20141130_165529,110,372,1,1
ch2_20141130_165529_829_s133-T1.jpg,1,20141130_165529,133,938,1,1
ch2_20141130_165529_829_s134-T1.jpg,1,20141130_165529,134,3,1,0
ch2_20141130_165529_829_s134-T2.jpg,2,20141130_165529,134,615,1,1
ch2_20141130_165529_829_s24-T1.jpg,1,20141130_165529,24,528,1,1
ch2_20141130_165529_829_s45-T1.jpg,1,20141130_165529,45,375,1,1
ch2_20141130_165529_829_s74-T1.jpg,1,20141130_165529,74,110,1,1
ch2_20141130_165529_829_s74-T2.jpg,2,20141130_165529,74,143,1,1
ch2_20141130_165529_829_s74-T3.jpg,3,20141130_165529,74,194,1,1
ch2_20141130_165529_829_s74-T4.jpg,4,20141130_165529,74,213,1,1
ch2_20141130_165529_829_s94-T1.jpg,1,20141130_165529,94,100,1,1
ch2_20141130_170029_980_s116-T1.jpg,1,20141130_170029,116,602,1,1
ch2_20141130_170029_980_s116-T2.jpg,2,20141130_170029,116,764,1,1
ch2_20141130_170029_980_s134-T1.jpg,1,20141130_170029,134,222,1,1
ch2_20141130_170029_980_s140-T1.jpg,1,20141130_170029,140,759,1,1
ch2_20141130_170029_980_s39-T1.jpg,1,20141130_170029,39,742,1,1
ch2_20141130_170029_980_s53-T1.jpg,1,20141130_170029,53,54,1,1
ch2_20141130_170029_980_s64-T1.jpg,1,20141130_170029,64,579,1,1
ch2_20141130_170029_980_s64-T2.jpg,2,20141130_170029,64,801,1,1
ch2_20141130_170029_980_s69-T1.jpg,1,20141130_170029,69,11,1,1
ch2_20141130_170029_980_s69-T2.jpg,2,20141130_170029,69,781,1,1
ch2_20141130_170029_980_s91-T1.jpg,1,20141130_170029,91,386,1,1
ch2_20141130_170029_980_s91-T2.jpg,2,20141130_170029,91,403,1,1
ch2_20141130_170530_120_s105-T1.jpg,1,20141130_170530,105,536,1,1
ch2_20141130_170530_120_s11-T1.jpg,1,20141130_170530,11,832,1,1
ch2_20141130_170530_120_s11-T2.jpg,2,20141130_170530,11,852,1,1
ch2_20141130_170530_120_s26-T1.jpg,1,20141130_170530,26,539,1,1
ch2_20141130_170530_120_s4-T1.jpg,1,20141130_170530,4,867,1,1
ch2_20141130_170530_120_s61-T1.jpg,1,20141130_170530,61,880,1,0
ch2_20141130_170530_120_s89-T1.jpg,1,20141130_170530,89,970,1,0
ch2_20141130_171030_263_s131-T1.jpg,1,20141130_171030,131,915,1,1
ch2_20141130_171030_263_s2-T1.jpg,1,20141130_171030,2,457,1,1
ch2_20141130_171030_263_s46-T1.jpg,1,20141130_171030,46,235,1,1
ch2_20141130_171030_263_s48-T1.jpg,1,20141130_171030,48,884,1,1
ch2_20141130_171030_263_s7-T1.jpg,1,20141130_171030,7,96,1,1
ch2_20141130_171030_263_s7-T2.jpg,2,20141130_171030,7,178,1,1
ch2_20141130_171030_263_s75-T1.jpg,1,20141130_171030,75,623,1,1
ch2_20141130_171030_263_s75-T2.jpg,2,20141130_171030,75,690,1,1
ch2_20141130_171030_263_s75-T3.jpg,3,20141130_171030,75,848,1,1
ch2_20141130_171030_263_s88-T1.jpg,1,20141130_171030,88,384,1,1
ch2_20141130_171530_408_s111-T1.jpg,1,20141130_171530,111,730,1,1
ch2_20141130_171530_408_s128-T1.jpg,1,20141130_171530,128,887,1,1
ch2_20141130_171530_408_s137-checkpoint-T1.jpg,1,20141130_171530,137-checkpoint,99,1,1
ch2_20141130_171530_408_s137-T1.jpg,1,20141130_171530,137,99,1,1
ch2_20141130_171530_408_s138-T1.jpg,1,20141130_171530,138,123,1,1
ch2_20141130_171530_408_s138-T2.jpg,2,20141130_171530,138,169,1,1
ch2_20141130_171530_408_s138-T3.jpg,3,20141130_171530,138,203,1,1
ch2_20141130_171530_408_s2-T1.jpg,1,20141130_171530,2,366,1,1
ch2_20141130_171530_408_s58-T1.jpg,1,20141130_171530,58,223,1,1
ch2_20141130_171530_408_s73-checkpoint-T1.jpg,1,20141130_171530,73-checkpoint,725,1,1
ch2_20141130_171530_408_s73-T1.jpg,1,20141130_171530,73,725,1,1
ch2_20141130_172030_556_s142-T1.jpg,1,20141130_172030,142,205,1,1
ch2_20141130_172030_556_s37-T1.jpg,1,20141130_172030,37,24,1,1
ch2_20141130_172530_703_s131-T1.jpg,1,20141130_172530,131,785,1,1
ch2_20141130_172530_703_s15-T1.jpg,1,20141130_172530,15,215,1,1
ch2_20141130_172530_703_s28-T1.jpg,1,20141130_172530,28,801,1,1
ch2_20141130_172530_703_s90-T1.jpg,1,20141130_172530,90,205,1,1
ch2_20141130_173030_842_s104-T1.jpg,1,20141130_173030,104,127,1,1
ch2_20141130_173030_842_s104-T2.jpg,2,20141130_173030,104,216,1,1
ch2_20141130_173030_842_s109-T1.jpg,1,20141130_173030,109,411,1,1
ch2_20141130_173030_842_s109-T2.jpg,2,20141130_173030,109,600,1,1
ch2_20141130_173030_842_s124-T1.jpg,1,20141130_173030,124,709,1,1
ch2_20141130_173030_842_s138-T1.jpg,1,20141130_173030,138,169,1,1
ch2_20141130_173030_842_s138-T2.jpg,2,20141130_173030,138,276,1,1
ch2_20141130_173030_842_s138-T3.jpg,3,20141130_173030,138,507,1,1
ch2_20141130_173030_842_s19-T1.jpg,1,20141130_173030,19,375,1,1
ch2_20141130_173030_842_s84-T1.jpg,1,20141130_173030,84,936,1,1
ch2_20141130_173530_987_s117-T1.jpg,1,20141130_173530,117,434,1,1
ch2_20141130_173530_987_s129-T1.jpg,1,20141130_173530,129,686,1,1
ch2_20141130_173530_987_s32-T1.jpg,1,20141130_173530,32,475,1,1
ch2_20141130_173530_987_s37-T1.jpg,1,20141130_173530,37,79,1,1
ch2_20141130_173530_987_s37-T2.jpg,2,20141130_173530,37,438,1,1
ch2_20141130_173530_987_s62-T1.jpg,1,20141130_173530,62,662,1,1
ch2_20141130_173530_987_s91-T1.jpg,1,20141130_173530,91,275,1,0
ch2_20141130_174031_139_s12-T1.jpg,1,20141130_174031,12,662,1,1
ch2_20141130_174031_139_s12-T2.jpg,2,20141130_174031,12,714,1,1
ch2_20141130_174031_139_s130-T1.jpg,1,20141130_174031,130,214,1,1
ch2_20141130_174031_139_s5-T1.jpg,1,20141130_174031,5,113,1,1
ch2_20141130_174031_139_s5-T2.jpg,2,20141130_174031,5,260,1,1
ch2_20141130_174031_139_s75-T1.jpg,1,20141130_174031,75,70,1,1
ch2_20141130_174031_139_s75-T2.jpg,2,20141130_174031,75,267,1,1
ch2_20141130_174531_288_s102-T1.jpg,1,20141130_174531,102,678,1,1
ch2_20141130_174531_288_s102-T2.jpg,2,20141130_174531,102,835,1,1
ch2_20141130_174531_288_s19-T1.jpg,1,20141130_174531,19,306,1,1
ch2_20141130_174531_288_s36-T1.jpg,1,20141130_174531,36,621,1,1
ch2_20141130_174531_288_s98-T1.jpg,1,20141130_174531,98,153,1,1
ch2_20141130_175031_427_s13-T1.jpg,1,20141130_175031,13,384,1,1
ch2_20141130_175031_427_s43-T1.jpg,1,20141130_175031,43,87,1,1
ch2_20141130_175031_427_s43-T2.jpg,2,20141130_175031,43,607,1,1
ch2_20141130_175531_570_s135-T1.jpg,1,20141130_175531,135,864,1,1
ch2_20141130_175531_570_s33-T1.jpg,1,20141130_175531,33,281,1,1
ch2_20141130_175531_570_s56-T1.jpg,1,20141130_175531,56,682,1,1
ch2_20141130_175531_570_s56-T2.jpg,2,20141130_175531,56,828,1,1
ch2_20141130_175531_570_s67-T1.jpg,1,20141130_175531,67,662,1,1
ch2_20141130_175531_570_s75-T1.jpg,1,20141130_175531,75,610,1,1
ch2_20141130_180031_716_s105-T1.jpg,1,20141130_180031,105,329,1,1
ch2_20141130_180031_716_s105-T2.jpg,2,20141130_180031,105,384,1,1
ch2_20141130_180031_716_s27-T1.jpg,1,20141130_180031,27,461,1,1
ch2_20141130_180031_716_s31-T1.jpg,1,20141130_180031,31,341,1,1
ch2_20141130_180031_716_s32-T1.jpg,1,20141130_180031,32,410,1,1
ch2_20141130_180031_716_s32-T2.jpg,2,20141130_180031,32,536,1,1
ch2_20141130_180031_716_s65-T1.jpg,1,20141130_180031,65,272,1,1
ch2_20141130_180531_853_s108-T1.jpg,1,20141130_180531,108,507,1,1
ch2_20141130_180531_853_s108-T2.jpg,2,20141130_180531,108,922,1,1
ch2_20141130_180531_853_s55-T1.jpg,1,20141130_180531,55,513,1,1
ch2_20141130_180531_853_s9-T1.jpg,1,20141130_180531,9,251,1,1
ch2_20141130_180531_853_s9-T2.jpg,2,20141130_180531,9,441,1,1
ch2_20141130_181031_997_s132-T1.jpg,1,20141130_181031,132,952,1,1
ch2_20141130_181031_997_s132-T2.jpg,2,20141130_181031,132,985,1,1
ch2_20141130_181031_997_s22-T1.jpg,1,20141130_181031,22,137,1,1
ch2_20141130_181031_997_s23-T1.jpg,1,20141130_181031,23,664,1,1
ch2_20141130_181031_997_s23-T2.jpg,2,20141130_181031,23,681,1,1
ch2_20141130_181031_997_s23-T3.jpg,3,20141130_181031,23,697,1,1
ch2_20141130_181031_997_s26-T1.jpg,1,20141130_181031,26,19,1,1
ch2_20141130_181031_997_s70-T1.jpg,1,20141130_181031,70,450,1,1
ch2_20141130_181031_997_s93-T1.jpg,1,20141130_181031,93,108,1,1
ch2_20141130_181532_137_s100-T1.jpg,1,20141130_181532,100,975,1,1
ch2_20141130_181532_137_s106-T1.jpg,1,20141130_181532,106,538,1,1
ch2_20141130_181532_137_s109-T1.jpg,1,20141130_181532,109,288,1,1
ch2_20141130_181532_137_s109-T2.jpg,2,20141130_181532,109,490,1,1
ch2_20141130_181532_137_s114-T1.jpg,1,20141130_181532,114,980,1,1
ch2_20141130_181532_137_s16-T1.jpg,1,20141130_181532,16,565,1,0
ch2_20141130_181532_137_s16-T2.jpg,2,20141130_181532,16,858,1,1
ch2_20141130_181532_137_s31-T1.jpg,1,20141130_181532,31,957,1,1
ch2_20141130_181532_137_s38-T1.jpg,1,20141130_181532,38,94,1,1
ch2_20141130_181532_137_s38-T2.jpg,2,20141130_181532,38,153,1,1
ch2_20141130_181532_137_s38-T3.jpg,3,20141130_181532,38,175,1,1
ch2_20141130_181532_137_s49-T1.jpg,1,20141130_181532,49,121,1,1
ch2_20141130_181532_137_s49-T2.jpg,2,20141130_181532,49,389,1,1
ch2_20141130_181532_137_s58-T1.jpg,1,20141130_181532,58,647,1,1
ch2_20141130_182032_278_s123-T1.jpg,1,20141130_182032,123,987,1,1
ch2_20141130_182032_278_s28-T1.jpg,1,20141130_182032,28,157,1,1
ch2_20141130_182032_278_s28-T2.jpg,2,20141130_182032,28,180,1,1
ch2_20141130_182032_278_s28-T3.jpg,3,20141130_182032,28,526,1,1
ch2_20141130_182032_278_s49-T1.jpg,1,20141130_182032,49,176,1,1
ch2_20141130_182032_278_s49-T2.jpg,2,20141130_182032,49,294,1,1
ch2_20141130_182032_278_s54-T1.jpg,1,20141130_182032,54,929,1,1
ch2_20141130_182032_278_s98-T1.jpg,1,20141130_182032,98,739,1,1
ch2_20141130_182032_278_s98-T2.jpg,2,20141130_182032,98,834,1,1
ch2_20141130_182532_423_s100-T1.jpg,1,20141130_182532,100,136,1,1
ch2_20141130_182532_423_s118-T1.jpg,1,20141130_182532,118,5,1,1
ch2_20141130_182532_423_s15-T1.jpg,1,20141130_182532,15,378,1,1
ch2_20141130_182532_423_s26-T1.jpg,1,20141130_182532,26,301,1,1
ch2_20141130_182532_423_s32-T1.jpg,1,20141130_182532,32,386,1,1
ch2_20141130_182532_423_s83-T1.jpg,1,20141130_182532,83,598,1,1
ch2_20141130_183032_573_s25-T1.jpg,1,20141130_183032,25,245,1,1
ch2_20141130_183032_573_s33-T1.jpg,1,20141130_183032,33,405,1,1
ch2_20141130_183032_573_s34-T1.jpg,1,20141130_183032,34,182,1,1
ch2_20141130_183032_573_s34-T2.jpg,2,20141130_183032,34,206,1,1
ch2_20141130_183032_573_s46-T1.jpg,1,20141130_183032,46,194,1,1
ch2_20141130_183032_573_s46-T2.jpg,2,20141130_183032,46,775,1,1
ch2_20141130_183032_573_s76-T1.jpg,1,20141130_183032,76,338,1,1
ch2_20141130_183032_573_s91-T1.jpg,1,20141130_183032,91,892,1,1
ch2_20141130_183032_573_s91-T2.jpg,2,20141130_183032,91,950,1,1
ch2_20141130_183532_716_s10-T1.jpg,1,20141130_183532,10,283,1,1
ch2_20141130_183532_716_s10-T2.jpg,2,20141130_183532,10,313,1,1
ch2_20141130_183532_716_s10-T3.jpg,3,20141130_183532,10,382,1,1
ch2_20141130_183532_716_s119-T1.jpg,1,20141130_183532,119,847,1,1
ch2_20141130_183532_716_s14-T1.jpg,1,20141130_183532,14,787,1,1
ch2_20141130_183532_716_s24-T1.jpg,1,20141130_183532,24,329,1,1
ch2_20141130_183532_716_s24-T2.jpg,2,20141130_183532,24,355,1,1
ch2_20141130_183532_716_s24-T3.jpg,3,20141130_183532,24,401,1,1
ch2_20141130_183532_716_s43-T1.jpg,1,20141130_183532,43,930,1,1
ch2_20141130_183532_716_s43-T2.jpg,2,20141130_183532,43,949,1,1
ch2_20141130_183532_716_s43-T3.jpg,3,20141130_183532,43,965,1,1
ch2_20141130_183532_716_s44-T1.jpg,1,20141130_183532,44,103,1,1
ch2_20141130_183532_716_s44-T2.jpg,2,20141130_183532,44,343,1,1
ch2_20141130_183532_716_s63-T1.jpg,1,20141130_183532,63,798,1,1
ch2_20141130_183532_716_s82-T1.jpg,1,20141130_183532,82,683,1,1
ch2_20141130_184032_858_s28-T1.jpg,1,20141130_184032,28,346,1,1
ch2_20141130_184032_858_s56-T1.jpg,1,20141130_184032,56,740,1,1
ch2_20141130_184032_858_s76-T1.jpg,1,20141130_184032,76,481,1,1
ch2_20141130_184032_858_s88-T1.jpg,1,20141130_184032,88,721,1,1
ch2_20141130_184533_006_s109-T1.jpg,1,20141130_184533,109,554,1,1
ch2_20141130_184533_006_s121-T1.jpg,1,20141130_184533,121,210,1,1
ch2_20141130_184533_006_s124-T1.jpg,1,20141130_184533,124,274,1,1
ch2_20141130_184533_006_s19-T1.jpg,1,20141130_184533,19,476,1,1
ch2_20141130_184533_006_s23-T1.jpg,1,20141130_184533,23,272,1,1
ch2_20141130_184533_006_s23-T2.jpg,2,20141130_184533,23,347,1,0
ch2_20141130_184533_006_s34-T1.jpg,1,20141130_184533,34,192,1,1
ch2_20141130_184533_006_s34-T2.jpg,2,20141130_184533,34,723,1,1
ch2_20141130_185033_152_s11-T1.jpg,1,20141130_185033,11,588,1,1
ch2_20141130_185033_152_s110-T1.jpg,1,20141130_185033,110,903,1,1
ch2_20141130_185033_152_s36-T1.jpg,1,20141130_185033,36,550,1,1
ch2_20141130_185033_152_s36-T2.jpg,2,20141130_185033,36,580,1,1
ch2_20141130_185033_152_s37-T1.jpg,1,20141130_185033,37,189,1,1
ch2_20141130_185033_152_s37-T2.jpg,2,20141130_185033,37,474,1,1
ch2_20141130_185033_152_s38-T1.jpg,1,20141130_185033,38,327,1,1
ch2_20141130_185033_152_s56-T1.jpg,1,20141130_185033,56,182,1,1
ch2_20141130_185033_152_s56-T2.jpg,2,20141130_185033,56,395,1,1
ch2_20141130_185033_152_s9-T1.jpg,1,20141130_185033,9,130,1,1
ch2_20141130_185033_152_s9-T2.jpg,2,20141130_185033,9,170,1,1
ch2_20141130_185033_152_s9-T3.jpg,3,20141130_185033,9,239,1,1
ch2_20141130_185033_152_s9-T4.jpg,4,20141130_185033,9,453,1,1
ch2_20141130_185533_304_s103-T1.jpg,1,20141130_185533,103,572,1,1
ch2_20141130_185533_304_s103-T2.jpg,2,20141130_185533,103,588,1,1
ch2_20141130_185533_304_s39-T1.jpg,1,20141130_185533,39,103,1,1
ch2_20141130_185533_304_s39-T2.jpg,2,20141130_185533,39,173,1,1
ch2_20141130_185533_304_s41-T1.jpg,1,20141130_185533,41,169,1,1
ch2_20141130_185533_304_s41-T2.jpg,2,20141130_185533,41,286,1,1
ch2_20141130_185533_304_s41-T3.jpg,3,20141130_185533,41,317,1,0
ch2_20141130_185533_304_s41-T4.jpg,4,20141130_185533,41,822,1,0
ch2_20141130_185533_304_s58-T1.jpg,1,20141130_185533,58,50,1,1
ch2_20141130_185533_304_s7-T1.jpg,1,20141130_185533,7,682,1,1
ch2_20141130_190033_449_s117-T1.jpg,1,20141130_190033,117,401,1,1
ch2_20141130_190033_449_s20-T1.jpg,1,20141130_190033,20,320,1,1
ch2_20141130_190033_449_s23-T1.jpg,1,20141130_190033,23,47,1,1
ch2_20141130_190033_449_s58-T1.jpg,1,20141130_190033,58,442,1,1
ch2_20141130_190033_449_s86-T1.jpg,1,20141130_190033,86,621,1,1
ch2_20141130_190533_599_s111-T1.jpg,1,20141130_190533,111,121,1,1
ch2_20141130_190533_599_s111-T2.jpg,2,20141130_190533,111,557,1,0
ch2_20141130_190533_599_s131-T1.jpg,1,20141130_190533,131,417,1,1
ch2_20141130_190533_599_s27-T1.jpg,1,20141130_190533,27,144,1,0
ch2_20141130_190533_599_s27-T2.jpg,2,20141130_190533,27,358,1,1
ch2_20141130_190533_599_s76-T1.jpg,1,20141130_190533,76,721,1,1
ch2_20141130_191033_751_s116-T1.jpg,1,20141130_191033,116,703,1,0
ch2_20141130_191033_751_s126-T1.jpg,1,20141130_191033,126,586,1,1
ch2_20141130_191033_751_s13-T1.jpg,1,20141130_191033,13,538,1,1
ch2_20141130_191033_751_s13-T2.jpg,2,20141130_191033,13,628,1,1
ch2_20141130_191033_751_s140-T1.jpg,1,20141130_191033,140,735,1,1
ch2_20141130_191033_751_s140-T2.jpg,2,20141130_191033,140,771,1,1
ch2_20141130_191033_751_s50-T1.jpg,1,20141130_191033,50,676,1,1
ch2_20141130_191033_751_s50-T2.jpg,2,20141130_191033,50,695,1,1
ch2_20141130_191533_894_s130-T1.jpg,1,20141130_191533,130,876,1,1
ch2_20141130_191533_894_s24-T1.jpg,1,20141130_191533,24,923,1,0
ch2_20141130_191533_894_s24-T2.jpg,2,20141130_191533,24,957,1,1
ch2_20141130_191533_894_s27-T1.jpg,1,20141130_191533,27,702,1,1
ch2_20141130_191533_894_s84-T1.jpg,1,20141130_191533,84,382,1,1
ch2_20141130_191533_894_s91-T1.jpg,1,20141130_191533,91,222,1,1
ch2_20141130_191533_894_s91-T2.jpg,2,20141130_191533,91,236,1,1
ch2_20141130_191533_894_s91-T3.jpg,3,20141130_191533,91,659,1,0
ch2_20141130_192034_076_s118-T1.jpg,1,20141130_192034,118,540,1,1
ch2_20141130_192034_076_s127-T1.jpg,1,20141130_192034,127,8,1,1
ch2_20141130_192034_076_s51-T1.jpg,1,20141130_192034,51,734,1,1
ch2_20141130_192534_215_s127-T1.jpg,1,20141130_192534,127,992,1,1
ch2_20141130_192534_215_s20-T1.jpg,1,20141130_192534,20,547,1,1
ch2_20141130_192534_215_s27-T1.jpg,1,20141130_192534,27,431,1,1
ch2_20141130_192534_215_s4-T1.jpg,1,20141130_192534,4,523,1,1
ch2_20141130_193034_356_s10-T1.jpg,1,20141130_193034,10,99,1,1
ch2_20141130_193034_356_s127-T1.jpg,1,20141130_193034,127,205,1,1
ch2_20141130_193034_356_s15-T1.jpg,1,20141130_193034,15,149,1,1
ch2_20141130_193034_356_s15-T2.jpg,2,20141130_193034,15,165,1,1
ch2_20141130_193034_356_s44-T1.jpg,1,20141130_193034,44,472,1,1
ch2_20141130_193034_356_s73-T1.jpg,1,20141130_193034,73,471,1,1
ch2_20141130_193034_356_s73-T2.jpg,2,20141130_193034,73,562,1,1
ch2_20141130_193034_356_s85-T1.jpg,1,20141130_193034,85,973,1,1
ch2_20141130_193534_502_s121-T1.jpg,1,20141130_193534,121,535,1,1
ch2_20141130_193534_502_s13-T1.jpg,1,20141130_193534,13,611,1,1
ch2_20141130_194034_679_s102-T1.jpg,1,20141130_194034,102,571,1,1
ch2_20141130_194034_679_s109-T1.jpg,1,20141130_194034,109,428,1,1
ch2_20141130_194034_679_s112-T1.jpg,1,20141130_194034,112,391,1,1
ch2_20141130_194034_679_s32-T1.jpg,1,20141130_194034,32,425,1,1
ch2_20141130_194534_829_s132-T1.jpg,1,20141130_194534,132,358,1,1
ch2_20141130_194534_829_s28-T1.jpg,1,20141130_194534,28,852,1,1
ch2_20141130_194534_829_s86-T1.jpg,1,20141130_194534,86,538,1,1
ch2_20141130_195034_991_s140-T1.jpg,1,20141130_195034,140,833,1,1
ch2_20141130_195034_991_s49-T1.jpg,1,20141130_195034,49,894,1,1
ch2_20141130_195034_991_s85-T1.jpg,1,20141130_195034,85,108,1,1
ch2_20141130_195034_991_s85-T2.jpg,2,20141130_195034,85,410,1,1
ch2_20141130_195034_991_s94-T1.jpg,1,20141130_195034,94,184,1,1
ch2_20141130_195535_139_s121-T1.jpg,1,20141130_195535,121,824,1,1
ch2_20141130_195535_139_s129-T1.jpg,1,20141130_195535,129,639,1,1
ch2_20141130_195535_139_s61-T1.jpg,1,20141130_195535,61,610,1,1
ch2_20141130_195535_139_s96-T1.jpg,1,20141130_195535,96,778,1,1
ch2_20141130_200035_280_s103-T1.jpg,1,20141130_200035,103,528,1,1
ch2_20141130_200035_280_s103-T2.jpg,2,20141130_200035,103,937,1,1
ch2_20141130_200035_280_s127-T1.jpg,1,20141130_200035,127,160,1,1
ch2_20141130_200035_280_s127-T2.jpg,2,20141130_200035,127,782,1,0
ch2_20141130_200035_280_s127-T3.jpg,3,20141130_200035,127,923,1,1
ch2_20141130_200035_280_s25-T1.jpg,1,20141130_200035,25,239,1,0
ch2_20141130_200035_280_s34-T1.jpg,1,20141130_200035,34,728,1,1
ch2_20141130_200535_473_s11-T1.jpg,1,20141130_200535,11,753,1,1
ch2_20141130_200535_473_s114-T1.jpg,1,20141130_200535,114,367,1,0
ch2_20141130_200535_473_s114-T2.jpg,2,20141130_200535,114,739,1,1
ch2_20141130_200535_473_s118-T1.jpg,1,20141130_200535,118,811,1,1
ch2_20141130_200535_473_s55-T1.jpg,1,20141130_200535,55,759,1,1
ch2_20141130_201035_646_s122-T1.jpg,1,20141130_201035,122,634,1,1
ch2_20141130_201035_646_s126-T1.jpg,1,20141130_201035,126,23,1,1
ch2_20141130_201035_646_s126-T2.jpg,2,20141130_201035,126,282,1,1
ch2_20141130_201035_646_s126-T3.jpg,3,20141130_201035,126,564,1,1
ch2_20141130_201035_646_s141-T1.jpg,1,20141130_201035,141,192,1,1
ch2_20141130_201035_646_s16-T1.jpg,1,20141130_201035,16,787,1,1
ch2_20141130_201035_646_s16-T2.jpg,2,20141130_201035,16,802,1,1
ch2_20141130_201535_794_s10-T1.jpg,1,20141130_201535,10,909,1,1
ch2_20141130_201535_794_s10-T2.jpg,2,20141130_201535,10,970,1,1
ch2_20141130_201535_794_s14-T1.jpg,1,20141130_201535,14,641,1,1
ch2_20141130_201535_794_s24-T1.jpg,1,20141130_201535,24,17,1,1
ch2_20141130_201535_794_s54-T1.jpg,1,20141130_201535,54,186,1,1
ch2_20141130_201535_794_s92-T1.jpg,1,20141130_201535,92,316,1,1
ch2_20141130_202035_946_s113-T1.jpg,1,20141130_202035,113,563,1,1
ch2_20141130_202035_946_s121-T1.jpg,1,20141130_202035,121,17,1,1
ch2_20141130_202035_946_s37-T1.jpg,1,20141130_202035,37,804,1,1
ch2_20141130_202035_946_s5-T1.jpg,1,20141130_202035,5,441,1,1
ch2_20141130_202536_094_s55-T1.jpg,1,20141130_202536,55,272,1,1
ch2_20141130_203036_277_s110-T1.jpg,1,20141130_203036,110,842,1,1
ch2_20141130_203036_277_s110-T2.jpg,2,20141130_203036,110,915,1,1
ch2_20141130_203036_277_s118-T1.jpg,1,20141130_203036,118,256,1,1
ch2_20141130_203036_277_s135-T1.jpg,1,20141130_203036,135,37,1,1
ch2_20141130_203036_277_s6-T1.jpg,1,20141130_203036,6,931,1,1
ch2_20141130_203036_277_s62-T1.jpg,1,20141130_203036,62,989,1,1
ch2_20141130_203036_277_s8-T1.jpg,1,20141130_203036,8,754,1,1
ch2_20141130_203036_277_s98-T1.jpg,1,20141130_203036,98,131,1,1
ch2_20141130_203536_426_s111-T1.jpg,1,20141130_203536,111,504,1,1
ch2_20141130_203536_426_s122-T1.jpg,1,20141130_203536,122,906,1,1
ch2_20141130_203536_426_s16-T1.jpg,1,20141130_203536,16,745,1,1
ch2_20141130_203536_426_s16-T2.jpg,2,20141130_203536,16,885,1,1
ch2_20141130_203536_426_s17-T1.jpg,1,20141130_203536,17,151,1,0
ch2_20141130_203536_426_s27-T1.jpg,1,20141130_203536,27,884,1,1
ch2_20141130_203536_426_s46-T1.jpg,1,20141130_203536,46,940,1,1
ch2_20141130_203536_426_s80-T1.jpg,1,20141130_203536,80,46,1,1
ch2_20141130_204036_592_s14-T1.jpg,1,20141130_204036,14,66,1,1
ch2_20141130_204036_592_s14-T2.jpg,2,20141130_204036,14,176,1,1
ch2_20141130_204036_592_s43-T1.jpg,1,20141130_204036,43,973,1,1
ch2_20141130_204036_592_s51-T1.jpg,1,20141130_204036,51,311,1,1
ch2_20141130_204036_592_s51-T2.jpg,2,20141130_204036,51,991,1,1
ch2_20141130_204036_592_s64-T1.jpg,1,20141130_204036,64,618,1,1
ch2_20141130_204036_592_s64-T2.jpg,2,20141130_204036,64,713,1,1
ch2_20141130_204036_592_s77-T1.jpg,1,20141130_204036,77,379,1,1
ch2_20141130_204036_592_s97-T1.jpg,1,20141130_204036,97,830,1,0
ch2_20141130_204536_736_s12-T1.jpg,1,20141130_204536,12,305,1,1
ch2_20141130_204536_736_s130-T1.jpg,1,20141130_204536,130,690,1,1
ch2_20141130_204536_736_s134-T1.jpg,1,20141130_204536,134,645,1,1
ch2_20141130_204536_736_s50-T1.jpg,1,20141130_204536,50,621,1,1
ch2_20141130_204536_736_s65-T1.jpg,1,20141130_204536,65,33,1,1
ch2_20141130_204536_736_s65-T2.jpg,2,20141130_204536,65,59,1,1
ch2_20141130_204536_736_s92-T1.jpg,1,20141130_204536,92,280,1,1
ch2_20141130_205036_880_s104-T1.jpg,1,20141130_205036,104,989,1,1
ch2_20141130_205036_880_s109-T1.jpg,1,20141130_205036,109,949,1,1
ch2_20141130_205036_880_s19-T1.jpg,1,20141130_205036,19,291,1,1
ch2_20141130_205036_880_s24-T1.jpg,1,20141130_205036,24,376,1,1
ch2_20141130_205036_880_s94-T1.jpg,1,20141130_205036,94,291,1,0
ch2_20141130_205036_880_s94-T2.jpg,2,20141130_205036,94,320,1,1
ch2_20141130_205537_025_s109-T1.jpg,1,20141130_205537,109,519,1,1
ch2_20141130_205537_025_s119-T1.jpg,1,20141130_205537,119,524,1,1
ch2_20141130_205537_025_s128-T1.jpg,1,20141130_205537,128,912,1,1
ch2_20141130_205537_025_s5-T1.jpg,1,20141130_205537,5,580,1,1
ch2_20141130_205537_025_s66-T1.jpg,1,20141130_205537,66,667,1,1
ch2_20141130_205537_025_s93-T1.jpg,1,20141130_205537,93,460,1,1
ch2_20141130_210037_168_s104-T1.jpg,1,20141130_210037,104,828,1,1
ch2_20141130_210037_168_s129-T1.jpg,1,20141130_210037,129,620,1,1
ch2_20141130_210037_168_s22-T1.jpg,1,20141130_210037,22,350,1,0
ch2_20141130_210037_168_s22-T2.jpg,2,20141130_210037,22,613,1,1
ch2_20141130_210037_168_s71-T1.jpg,1,20141130_210037,71,101,1,1
ch2_20141130_210037_168_s71-T2.jpg,2,20141130_210037,71,124,1,1
ch2_20141130_210037_168_s74-T1.jpg,1,20141130_210037,74,449,1,1
ch2_20141130_210537_310_s108-T1.jpg,1,20141130_210537,108,95,1,1
ch2_20141130_210537_310_s12-T1.jpg,1,20141130_210537,12,586,1,1
ch2_20141130_210537_310_s31-T1.jpg,1,20141130_210537,31,824,1,1
ch2_20141130_210537_310_s65-T1.jpg,1,20141130_210537,65,811,1,1
ch2_20141130_211037_458_s122-T1.jpg,1,20141130_211037,122,310,1,1
ch2_20141130_211037_458_s122-T2.jpg,2,20141130_211037,122,682,1,1
ch2_20141130_211037_458_s2-T1.jpg,1,20141130_211037,2,359,1,1
ch2_20141130_211037_458_s80-T1.jpg,1,20141130_211037,80,53,1,1
ch2_20141130_211037_458_s80-T2.jpg,2,20141130_211037,80,125,1,1
ch2_20141130_211537_605_s137-T1.jpg,1,20141130_211537,137,786,1,1
ch2_20141130_211537_605_s64-T1.jpg,1,20141130_211537,64,702,1,1
ch2_20141130_211537_605_s65-T1.jpg,1,20141130_211537,65,317,1,1
ch2_20141130_211537_605_s65-T2.jpg,2,20141130_211537,65,369,1,1
ch2_20141130_211537_605_s71-T1.jpg,1,20141130_211537,71,754,1,1
ch2_20141130_211537_605_s96-T1.jpg,1,20141130_211537,96,911,1,1
ch2_20141130_212037_752_s113-T1.jpg,1,20141130_212037,113,487,1,1
ch2_20141130_212037_752_s113-T2.jpg,2,20141130_212037,113,521,1,1
ch2_20141130_212037_752_s113-T3.jpg,3,20141130_212037,113,963,1,1
ch2_20141130_212037_752_s130-T1.jpg,1,20141130_212037,130,338,1,1
ch2_20141130_212037_752_s24-T1.jpg,1,20141130_212037,24,716,1,1
ch2_20141130_212037_752_s33-T1.jpg,1,20141130_212037,33,151,1,1
ch2_20141130_212537_893_s127-T1.jpg,1,20141130_212537,127,176,1,1
ch2_20141130_212537_893_s127-T2.jpg,2,20141130_212537,127,386,1,1
ch2_20141130_212537_893_s131-T1.jpg,1,20141130_212537,131,327,1,0
ch2_20141130_212537_893_s72-T1.jpg,1,20141130_212537,72,863,1,1
ch2_20141130_212537_893_s79-T1.jpg,1,20141130_212537,79,18,1,1
ch2_20141130_212537_893_s80-T1.jpg,1,20141130_212537,80,153,1,1
ch2_20141130_212537_893_s98-T1.jpg,1,20141130_212537,98,549,1,1
ch2_20141130_213038_039_s124-T1.jpg,1,20141130_213038,124,305,1,1
ch2_20141130_213038_039_s124-T2.jpg,2,20141130_213038,124,540,1,0
ch2_20141130_213038_039_s131-T1.jpg,1,20141130_213038,131,911,1,1
ch2_20141130_213038_039_s131-T2.jpg,2,20141130_213038,131,940,1,1
ch2_20141130_213038_039_s18-T1.jpg,1,20141130_213038,18,877,1,1
ch2_20141130_213038_039_s19-T1.jpg,1,20141130_213038,19,347,1,1
ch2_20141130_213038_039_s35-T1.jpg,1,20141130_213038,35,73,1,1
ch2_20141130_213038_039_s51-T1.jpg,1,20141130_213038,51,373,1,1
ch2_20141130_213038_039_s73-T1.jpg,1,20141130_213038,73,372,1,1
ch2_20141130_213538_181_s100-T1.jpg,1,20141130_213538,100,329,1,1
ch2_20141130_213538_181_s106-T1.jpg,1,20141130_213538,106,63,1,1
ch2_20141130_213538_181_s114-T1.jpg,1,20141130_213538,114,4,1,1
ch2_20141130_213538_181_s139-T1.jpg,1,20141130_213538,139,555,1,1
ch2_20141130_213538_181_s16-T1.jpg,1,20141130_213538,16,575,1,1
ch2_20141130_213538_181_s40-T1.jpg,1,20141130_213538,40,413,1,1
ch2_20141130_213538_181_s53-T1.jpg,1,20141130_213538,53,868,1,1
ch2_20141130_214038_324_s126-T1.jpg,1,20141130_214038,126,289,1,1
ch2_20141130_214038_324_s126-T2.jpg,2,20141130_214038,126,801,1,1
ch2_20141130_214038_324_s134-T1.jpg,1,20141130_214038,134,179,1,1
ch2_20141130_214038_324_s36-T1.jpg,1,20141130_214038,36,695,1,1
ch2_20141130_214038_324_s36-T2.jpg,2,20141130_214038,36,763,1,1
ch2_20141130_214038_324_s41-T1.jpg,1,20141130_214038,41,538,1,1
ch2_20141130_214038_324_s41-T2.jpg,2,20141130_214038,41,767,1,0
ch2_20141130_214038_324_s42-T1.jpg,1,20141130_214038,42,33,1,1
ch2_20141130_214038_324_s62-T1.jpg,1,20141130_214038,62,39,1,1
ch2_20141130_214038_324_s62-T2.jpg,2,20141130_214038,62,86,1,1
ch2_20141130_214538_463_s107-T1.jpg,1,20141130_214538,107,688,1,1
ch2_20141130_214538_463_s107-T2.jpg,2,20141130_214538,107,707,1,1
ch2_20141130_214538_463_s107-T3.jpg,3,20141130_214538,107,721,1,1
ch2_20141130_214538_463_s11-T1.jpg,1,20141130_214538,11,764,1,1
ch2_20141130_214538_463_s125-T1.jpg,1,20141130_214538,125,906,1,1
ch2_20141130_214538_463_s125-T2.jpg,2,20141130_214538,125,935,1,1
ch2_20141130_214538_463_s133-T1.jpg,1,20141130_214538,133,859,1,1
ch2_20141130_214538_463_s133-T2.jpg,2,20141130_214538,133,973,1,1
ch2_20141130_214538_463_s74-T1.jpg,1,20141130_214538,74,309,1,1
ch2_20141130_214538_463_s74-T2.jpg,2,20141130_214538,74,381,1,1
ch2_20141130_215038_608_s135-T1.jpg,1,20141130_215038,135,372,1,1
ch2_20141130_215038_608_s27-T1.jpg,1,20141130_215038,27,779,1,1
ch2_20141130_215038_608_s35-T1.jpg,1,20141130_215038,35,978,1,0
ch2_20141130_215038_608_s66-T1.jpg,1,20141130_215038,66,776,1,1
ch2_20141130_215038_608_s68-T1.jpg,1,20141130_215038,68,320,1,1
ch2_20141130_215038_608_s74-T1.jpg,1,20141130_215038,74,574,1,1
ch2_20141130_215538_748_s114-T1.jpg,1,20141130_215538,114,348,1,1
ch2_20141130_215538_748_s114-T2.jpg,2,20141130_215538,114,398,1,1
ch2_20141130_215538_748_s12-T1.jpg,1,20141130_215538,12,713,1,1
ch2_20141130_215538_748_s142-T1.jpg,1,20141130_215538,142,76,1,1
ch2_20141130_215538_748_s49-T1.jpg,1,20141130_215538,49,951,1,1
ch2_20141130_215538_748_s49-T2.jpg,2,20141130_215538,49,986,1,1
ch2_20141130_215538_748_s50-T1.jpg,1,20141130_215538,50,101,1,1
ch2_20141130_215538_748_s81-T1.jpg,1,20141130_215538,81,526,1,1
ch2_20141130_220038_896_s137-T1.jpg,1,20141130_220038,137,82,1,1
ch2_20141130_220038_896_s137-T2.jpg,2,20141130_220038,137,506,1,1
ch2_20141130_220038_896_s51-T1.jpg,1,20141130_220038,51,740,1,1
ch2_20141130_220038_896_s9-T1.jpg,1,20141130_220038,9,728,1,1
ch2_20141130_220038_896_s9-T2.jpg,2,20141130_220038,9,753,1,1
ch2_20141130_220038_896_s99-T1.jpg,1,20141130_220038,99,887,1,1
ch2_20141130_220539_044_s10-T1.jpg,1,20141130_220539,10,455,1,1
ch2_20141130_220539_044_s135-T1.jpg,1,20141130_220539,135,6,1,0
ch2_20141130_220539_044_s18-T1.jpg,1,20141130_220539,18,855,1,0
ch2_20141130_220539_044_s29-T1.jpg,1,20141130_220539,29,145,1,1
ch2_20141130_221039_190_s123-T1.jpg,1,20141130_221039,123,476,1,1
ch2_20141130_221039_190_s123-T2.jpg,2,20141130_221039,123,505,1,1
ch2_20141130_221039_190_s24-T1.jpg,1,20141130_221039,24,15,1,1
ch2_20141130_221039_190_s24-T2.jpg,2,20141130_221039,24,631,1,1
ch2_20141130_221039_190_s87-T1.jpg,1,20141130_221039,87,712,1,1
ch2_20141130_221039_190_s88-T1.jpg,1,20141130_221039,88,382,1,1
ch2_20141130_221039_190_s88-T2.jpg,2,20141130_221039,88,519,1,0
ch2_20141130_221539_340_s12-T1.jpg,1,20141130_221539,12,179,1,1
ch2_20141130_221539_340_s120-T1.jpg,1,20141130_221539,120,172,1,1
ch2_20141130_221539_340_s120-T2.jpg,2,20141130_221539,120,240,1,1
ch2_20141130_221539_340_s131-T1.jpg,1,20141130_221539,131,830,1,1
ch2_20141130_221539_340_s131-T2.jpg,2,20141130_221539,131,938,1,1
ch2_20141130_221539_340_s138-T1.jpg,1,20141130_221539,138,747,1,1
ch2_20141130_221539_340_s14-T1.jpg,1,20141130_221539,14,93,1,1
ch2_20141130_221539_340_s23-T1.jpg,1,20141130_221539,23,90,1,1
ch2_20141130_221539_340_s30-T1.jpg,1,20141130_221539,30,280,1,1
ch2_20141130_221539_340_s30-T2.jpg,2,20141130_221539,30,311,1,1
ch2_20141130_221539_340_s30-T3.jpg,3,20141130_221539,30,353,1,1
ch2_20141130_221539_340_s30-T4.jpg,4,20141130_221539,30,523,1,0
ch2_20141130_221539_340_s4-T1.jpg,1,20141130_221539,4,923,1,1
ch2_20141130_221539_340_s4-T2.jpg,2,20141130_221539,4,963,1,1
ch2_20141130_222039_485_s110-T1.jpg,1,20141130_222039,110,327,1,1
ch2_20141130_222039_485_s34-T1.jpg,1,20141130_222039,34,961,1,1
ch2_20141130_222039_485_s44-T1.jpg,1,20141130_222039,44,215,1,0
ch2_20141130_222039_485_s44-T2.jpg,2,20141130_222039,44,942,1,1
ch2_20141130_222039_485_s45-T1.jpg,1,20141130_222039,45,778,1,1
ch2_20141130_222039_485_s7-T1.jpg,1,20141130_222039,7,171,1,1
ch2_20141130_222039_485_s7-T2.jpg,2,20141130_222039,7,189,1,1
ch2_20141130_222039_485_s7-T3.jpg,3,20141130_222039,7,238,1,1
ch2_20141130_222039_485_s87-T1.jpg,1,20141130_222039,87,701,1,1
ch2_20141130_222039_485_s87-T2.jpg,2,20141130_222039,87,735,1,1
ch2_20141130_222039_485_s87-T3.jpg,3,20141130_222039,87,820,1,1
ch2_20141130_222039_485_s87-T4.jpg,4,20141130_222039,87,856,1,1
ch2_20141130_222539_625_s102-T1.jpg,1,20141130_222539,102,533,1,1
ch2_20141130_222539_625_s102-T2.jpg,2,20141130_222539,102,557,1,0
ch2_20141130_222539_625_s102-T3.jpg,3,20141130_222539,102,883,1,0
ch2_20141130_222539_625_s112-T1.jpg,1,20141130_222539,112,307,1,1
ch2_20141130_222539_625_s112-T2.jpg,2,20141130_222539,112,597,1,1
ch2_20141130_222539_625_s140-T1.jpg,1,20141130_222539,140,293,1,0
ch2_20141130_222539_625_s24-T1.jpg,1,20141130_222539,24,417,1,1
ch2_20141130_222539_625_s30-T1.jpg,1,20141130_222539,30,909,1,1
ch2_20141130_222539_625_s31-T1.jpg,1,20141130_222539,31,240,1,1
ch2_20141130_222539_625_s31-T2.jpg,2,20141130_222539,31,310,1,1
ch2_20141130_222539_625_s49-T1.jpg,1,20141130_222539,49,752,1,1
ch2_20141130_222539_625_s87-T1.jpg,1,20141130_222539,87,436,1,1
ch2_20141130_223039_767_s101-T1.jpg,1,20141130_223039,101,491,1,1
ch2_20141130_223039_767_s101-T2.jpg,2,20141130_223039,101,520,1,1
ch2_20141130_223039_767_s108-T1.jpg,1,20141130_223039,108,853,1,0
ch2_20141130_223039_767_s129-T1.jpg,1,20141130_223039,129,56,1,1
ch2_20141130_223039_767_s129-T2.jpg,2,20141130_223039,129,861,1,1
ch2_20141130_223039_767_s129-T3.jpg,3,20141130_223039,129,920,1,1
ch2_20141130_223039_767_s19-T1.jpg,1,20141130_223039,19,686,1,1
ch2_20141130_223039_767_s52-T1.jpg,1,20141130_223039,52,698,1,1
ch2_20141130_223539_916_s119-T1.jpg,1,20141130_223539,119,30,1,1
ch2_20141130_223539_916_s119-T2.jpg,2,20141130_223539,119,55,1,1
ch2_20141130_223539_916_s130-T1.jpg,1,20141130_223539,130,635,1,1
ch2_20141130_223539_916_s134-T1.jpg,1,20141130_223539,134,257,1,1
ch2_20141130_223539_916_s67-T1.jpg,1,20141130_223539,67,560,1,0
ch2_20141130_223539_916_s90-T1.jpg,1,20141130_223539,90,142,1,1
ch2_20141130_223539_916_s90-T2.jpg,2,20141130_223539,90,678,1,1
ch2_20141130_223539_916_s92-T1.jpg,1,20141130_223539,92,171,1,1
ch2_20141130_224040_064_s111-T1.jpg,1,20141130_224040,111,783,1,1
ch2_20141130_224040_064_s19-T1.jpg,1,20141130_224040,19,162,1,1
ch2_20141130_224040_064_s19-T2.jpg,2,20141130_224040,19,239,1,1
ch2_20141130_224040_064_s19-T3.jpg,3,20141130_224040,19,265,1,1
ch2_20141130_224040_064_s29-T1.jpg,1,20141130_224040,29,97,1,0
ch2_20141130_224040_064_s3-T1.jpg,1,20141130_224040,3,584,1,1
ch2_20141130_224040_064_s37-T1.jpg,1,20141130_224040,37,609,1,1
ch2_20141130_224540_213_s117-T1.jpg,1,20141130_224540,117,187,1,1
ch2_20141130_224540_213_s123-T1.jpg,1,20141130_224540,123,106,1,1
ch2_20141130_224540_213_s123-T2.jpg,2,20141130_224540,123,297,1,1
ch2_20141130_224540_213_s123-T3.jpg,3,20141130_224540,123,333,1,0
ch2_20141130_224540_213_s123-T4.jpg,4,20141130_224540,123,375,1,1
ch2_20141130_224540_213_s63-T1.jpg,1,20141130_224540,63,51,1,1
ch2_20141130_224540_213_s63-T2.jpg,2,20141130_224540,63,780,1,1
ch2_20141130_224540_213_s63-T3.jpg,3,20141130_224540,63,888,1,1
ch2_20141130_224540_213_s88-T1.jpg,1,20141130_224540,88,23,1,1
ch2_20141130_225040_354_s130-T1.jpg,1,20141130_225040,130,821,1,1
ch2_20141130_225040_354_s130-T2.jpg,2,20141130_225040,130,859,1,1
ch2_20141130_225040_354_s41-T1.jpg,1,20141130_225040,41,171,1,0
ch2_20141130_225040_354_s47-T1.jpg,1,20141130_225040,47,847,1,1
ch2_20141130_225040_354_s55-T1.jpg,1,20141130_225040,55,854,1,1
ch2_20141130_225040_354_s55-T2.jpg,2,20141130_225040,55,897,1,1
ch2_20141130_225040_354_s59-T1.jpg,1,20141130_225040,59,258,1,1
ch2_20141130_225040_354_s92-T1.jpg,1,20141130_225040,92,87,1,1
ch2_20141130_225040_354_s93-T1.jpg,1,20141130_225040,93,983,1,0
ch2_20141130_225040_354_s96-T1.jpg,1,20141130_225040,96,213,1,1
ch2_20141130_225540_493_s106-T1.jpg,1,20141130_225540,106,353,1,0
ch2_20141130_225540_493_s129-T1.jpg,1,20141130_225540,129,564,1,1
ch2_20141130_225540_493_s13-T1.jpg,1,20141130_225540,13,253,1,1
ch2_20141130_225540_493_s130-T1.jpg,1,20141130_225540,130,86,1,1
ch2_20141130_225540_493_s130-T2.jpg,2,20141130_225540,130,170,1,1
ch2_20141130_225540_493_s38-T1.jpg,1,20141130_225540,38,336,1,1
ch2_20141130_225540_493_s91-T1.jpg,1,20141130_225540,91,15,1,1
ch2_20141130_225540_493_s91-T2.jpg,2,20141130_225540,91,51,1,1
ch2_20141130_225540_493_s91-T3.jpg,3,20141130_225540,91,72,1,1
ch2_20141130_230040_639_s123-T1.jpg,1,20141130_230040,123,21,1,1
ch2_20141130_230040_639_s123-T2.jpg,2,20141130_230040,123,602,1,1
ch2_20141130_230040_639_s123-T3.jpg,3,20141130_230040,123,611,1,1
ch2_20141130_230040_639_s123-T4.jpg,4,20141130_230040,123,901,1,0
ch2_20141130_230040_639_s128-T1.jpg,1,20141130_230040,128,50,1,1
ch2_20141130_230040_639_s136-T1.jpg,1,20141130_230040,136,657,1,1
ch2_20141130_230040_639_s136-T2.jpg,2,20141130_230040,136,685,1,1
ch2_20141130_230040_639_s65-T1.jpg,1,20141130_230040,65,379,1,1
ch2_20141130_230040_639_s69-T1.jpg,1,20141130_230040,69,896,1,1
ch2_20141130_230040_639_s92-T1.jpg,1,20141130_230040,92,917,1,1
ch2_20141130_230540_784_s1-T1.jpg,1,20141130_230540,1,498,1,1
ch2_20141130_230540_784_s1-T2.jpg,2,20141130_230540,1,524,1,1
ch2_20141130_230540_784_s1-T3.jpg,3,20141130_230540,1,550,1,1
ch2_20141130_230540_784_s124-T1.jpg,1,20141130_230540,124,531,1,1
ch2_20141130_230540_784_s124-T2.jpg,2,20141130_230540,124,971,1,1
ch2_20141130_230540_784_s19-T1.jpg,1,20141130_230540,19,349,1,0
ch2_20141130_230540_784_s3-T1.jpg,1,20141130_230540,3,723,1,1
ch2_20141130_230540_784_s33-T1.jpg,1,20141130_230540,33,217,1,1
ch2_20141130_230540_784_s72-T1.jpg,1,20141130_230540,72,208,1,0
ch2_20141130_230540_784_s72-T2.jpg,2,20141130_230540,72,231,1,1
ch2_20141130_230540_784_s78-T1.jpg,1,20141130_230540,78,646,1,1
ch2_20141130_230540_784_s88-T1.jpg,1,20141130_230540,88,27,1,1
ch2_20141130_231040_923_s117-T1.jpg,1,20141130_231040,117,470,1,0
ch2_20141130_231040_923_s24-T1.jpg,1,20141130_231040,24,301,1,1
ch2_20141130_231040_923_s24-T2.jpg,2,20141130_231040,24,462,1,1
ch2_20141130_231040_923_s28-T1.jpg,1,20141130_231040,28,982,1,1
ch2_20141130_231040_923_s65-T1.jpg,1,20141130_231040,65,293,1,1
ch2_20141130_231541_066_s1-T1.jpg,1,20141130_231541,1,498,1,1
ch2_20141130_231541_066_s113-T1.jpg,1,20141130_231541,113,182,1,1
ch2_20141130_231541_066_s113-T2.jpg,2,20141130_231541,113,315,1,1
ch2_20141130_231541_066_s13-T1.jpg,1,20141130_231541,13,908,1,1
ch2_20141130_231541_066_s14-T1.jpg,1,20141130_231541,14,310,1,1
ch2_20141130_231541_066_s17-T1.jpg,1,20141130_231541,17,806,1,1
ch2_20141130_231541_066_s43-T1.jpg,1,20141130_231541,43,174,1,1
ch2_20141130_232041_211_s10-T1.jpg,1,20141130_232041,10,973,1,1
ch2_20141130_232041_211_s102-T1.jpg,1,20141130_232041,102,479,1,1
ch2_20141130_232041_211_s105-T1.jpg,1,20141130_232041,105,652,1,1
ch2_20141130_232041_211_s105-T2.jpg,2,20141130_232041,105,680,1,0
ch2_20141130_232041_211_s135-T1.jpg,1,20141130_232041,135,700,1,1
ch2_20141130_232041_211_s135-T2.jpg,2,20141130_232041,135,975,1,1
ch2_20141130_232041_211_s142-T1.jpg,1,20141130_232041,142,530,1,1
ch2_20141130_232041_211_s142-T2.jpg,2,20141130_232041,142,873,1,1
ch2_20141130_232041_211_s143-T1.jpg,1,20141130_232041,143,284,1,1
ch2_20141130_232041_211_s143-T2.jpg,2,20141130_232041,143,438,1,1
ch2_20141130_232041_211_s143-T3.jpg,3,20141130_232041,143,790,1,1
ch2_20141130_232041_211_s37-T1.jpg,1,20141130_232041,37,673,1,1
ch2_20141130_232041_211_s82-T1.jpg,1,20141130_232041,82,341,1,1
ch2_20141130_232541_354_s127-T1.jpg,1,20141130_232541,127,291,1,1
ch2_20141130_232541_354_s133-T1.jpg,1,20141130_232541,133,46,1,1
ch2_20141130_232541_354_s53-T1.jpg,1,20141130_232541,53,425,1,1
ch2_20141130_232541_354_s54-T1.jpg,1,20141130_232541,54,593,1,1
ch2_20141130_232541_354_s66-T1.jpg,1,20141130_232541,66,44,1,1
ch2_20141130_232541_354_s66-T2.jpg,2,20141130_232541,66,214,1,0
ch2_20141130_232541_354_s81-T1.jpg,1,20141130_232541,81,331,1,1
ch2_20141130_232541_354_s82-T1.jpg,1,20141130_232541,82,130,1,1
ch2_20141130_233041_498_s122-T1.jpg,1,20141130_233041,122,343,1,1
ch2_20141130_233041_498_s122-T2.jpg,2,20141130_233041,122,835,1,1
ch2_20141130_233041_498_s122-T3.jpg,3,20141130_233041,122,857,1,1
ch2_20141130_233041_498_s137-T1.jpg,1,20141130_233041,137,260,1,1
ch2_20141130_233041_498_s3-T1.jpg,1,20141130_233041,3,369,1,1
ch2_20141130_233041_498_s3-T2.jpg,2,20141130_233041,3,398,1,1
ch2_20141130_233041_498_s41-T1.jpg,1,20141130_233041,41,975,1,0
ch2_20141130_233041_498_s92-T1.jpg,1,20141130_233041,92,611,1,1
ch2_20141130_233041_498_s92-T2.jpg,2,20141130_233041,92,628,1,1
ch2_20141130_233041_498_s92-T3.jpg,3,20141130_233041,92,652,1,1
ch2_20141130_233041_498_s92-T4.jpg,4,20141130_233041,92,697,1,1
ch2_20141130_233541_643_s118-T1.jpg,1,20141130_233541,118,458,1,1
ch2_20141130_233541_643_s118-T2.jpg,2,20141130_233541,118,493,1,1
ch2_20141130_233541_643_s118-T3.jpg,3,20141130_233541,118,514,1,1
ch2_20141130_233541_643_s139-T1.jpg,1,20141130_233541,139,944,1,0
ch2_20141130_233541_643_s19-T1.jpg,1,20141130_233541,19,356,1,1
ch2_20141130_233541_643_s19-T2.jpg,2,20141130_233541,19,811,1,1
ch2_20141130_233541_643_s39-T1.jpg,1,20141130_233541,39,686,1,1
ch2_20141130_233541_643_s42-T1.jpg,1,20141130_233541,42,68,1,1
ch2_20141130_233541_643_s42-T2.jpg,2,20141130_233541,42,300,1,1
ch2_20141130_233541_643_s88-T1.jpg,1,20141130_233541,88,380,1,1
ch2_20141130_234041_783_s117-T1.jpg,1,20141130_234041,117,883,1,1
ch2_20141130_234041_783_s118-T1.jpg,1,20141130_234041,118,502,1,1
ch2_20141130_234041_783_s124-T1.jpg,1,20141130_234041,124,548,1,1
ch2_20141130_234041_783_s124-T2.jpg,2,20141130_234041,124,574,1,1
ch2_20141130_234041_783_s19-T1.jpg,1,20141130_234041,19,327,1,1
ch2_20141130_234041_783_s31-T1.jpg,1,20141130_234041,31,833,1,1
ch2_20141130_234041_783_s32-T1.jpg,1,20141130_234041,32,384,1,1
ch2_20141130_234041_783_s80-T1.jpg,1,20141130_234041,80,29,1,0
ch2_20141130_234041_783_s80-T2.jpg,2,20141130_234041,80,442,1,1
ch2_20141130_234041_783_s80-T3.jpg,3,20141130_234041,80,672,1,0
ch2_20141130_234541_924_s133-T1.jpg,1,20141130_234541,133,504,1,0
ch2_20141130_234541_924_s48-T1.jpg,1,20141130_234541,48,517,1,1
ch2_20141130_235042_066_s138-T1.jpg,1,20141130_235042,138,242,1,1
ch2_20141130_235042_066_s36-T1.jpg,1,20141130_235042,36,220,1,1
ch2_20141130_235042_066_s62-T1.jpg,1,20141130_235042,62,740,1,1
ch2_20141130_235042_066_s62-T2.jpg,2,20141130_235042,62,772,1,1
ch2_20141130_235042_066_s63-T1.jpg,1,20141130_235042,63,231,1,0
ch2_20141130_235042_066_s7-T1.jpg,1,20141130_235042,7,885,1,1
ch2_20141130_235542_205_s10-T1.jpg,1,20141130_235542,10,749,1,1
ch2_20141130_235542_205_s121-T1.jpg,1,20141130_235542,121,859,1,1
ch2_20141130_235542_205_s133-T1.jpg,1,20141130_235542,133,644,1,1
ch2_20141130_235542_205_s17-T1.jpg,1,20141130_235542,17,227,1,1
ch2_20141130_235542_205_s17-T2.jpg,2,20141130_235542,17,701,1,0
ch2_20141130_235542_205_s63-T1.jpg,1,20141130_235542,63,72,1,1
ch2_20141130_235542_205_s74-T1.jpg,1,20141130_235542,74,704,1,0
ch2_20141130_235542_205_s74-T2.jpg,2,20141130_235542,74,727,1,1
