image,xmin,ymin,xmax,ymax,label,tweek_sign
ch1_20180615_203507_097_s55.jpg,1305,0,1338,162,1,3
ch1_20180615_203507_097_s55.jpg,332,0,358,162,1,3
ch1_20180615_203507_097_s55.jpg,508,0,535,162,1,3
ch1_20180602_211229_947_s105.jpg,1289,0,1317,162,1,3
ch1_20180602_211229_947_s105.jpg,1322,0,1342,162,1,3
ch1_20180602_211229_947_s105.jpg,1346,0,1369,162,1,3
ch1_20170730_172907_467_s61.jpg,19,0,28,162,1,3
ch1_20150902_231933_448_s105.jpg,295,0,312,162,1,3
ch1_20180602_203728_547_s22.jpg,1061,0,1077,162,1,3
ch1_20180602_205229_138_s14.jpg,234,0,264,162,1,3
ch1_20180602_211229_947_s86.jpg,153,0,180,162,1,3
ch1_20150902_230432_765_s52.jpg,86,0,102,162,1,3
ch1_20160830_194001_403_s70.jpg,1385,0,1410,162,1,3
ch1_20180602_211229_947_s68.jpg,1370,0,1393,162,1,3
ch1_20150902_230932_991_s81.jpg,768,0,780,162,1,3
ch1_20180615_202506_686_s20.jpg,344,0,360,162,1,3
ch1_20180615_202506_686_s20.jpg,504,0,541,162,1,3
ch1_20160830_191500_286_s90.jpg,1054,0,1071,162,1,3
ch1_20180615_200005_654_s100.jpg,1141,0,1170,162,1,3
ch1_20180615_200005_654_s100.jpg,1101,0,1131,162,1,3
ch1_20180602_211229_947_s144.jpg,418,0,433,162,1,3
ch1_20180615_203006_889_s136.jpg,556,0,586,162,1,3
ch1_20150902_230932_991_s105.jpg,1341,0,1368,162,1,3
ch1_20180602_210729_749_s54.jpg,1335,0,1362,162,1,3
ch1_20160830_192500_741_s60.jpg,336,0,357,162,1,3
ch1_20180615_200005_654_s100.jpg,1140,0,1162,162,1,3
ch1_20180615_200005_654_s100.jpg,1100,0,1123,162,1,3
ch1_20180615_200005_654_s100.jpg,257,0,276,162,1,3
ch1_20180615_200005_654_s100.jpg,56,0,83,162,1,3
ch1_20180615_202006_477_s138.jpg,852,0,884,162,1,3
ch1_20180615_203006_889_s44.jpg,501,0,520,162,1,3
ch1_20180615_203006_889_s44.jpg,560,0,577,162,1,3
ch1_20180615_203006_889_s44.jpg,1365,0,1386,162,1,3
ch1_20160815_211847_860_s75.jpg,891,0,911,162,1,3
ch1_20150902_235935_260_s133.jpg,875,0,895,162,1,3
ch1_20160830_195001_847_s93.jpg,493,0,510,162,1,3
ch1_20160830_195001_847_s93.jpg,657,0,673,162,1,3
ch1_20180615_203507_097_s126.jpg,21,0,53,162,1,3
ch1_20150902_232433_673_s5.jpg,558,0,584,162,1,3
ch1_20160830_194001_403_s132.jpg,114,0,132,162,1,3
ch1_20180615_202506_686_s84.jpg,150,0,169,162,1,3
ch1_20180615_202506_686_s84.jpg,1139,0,1164,162,1,3
ch1_20180615_200505_862_s39.jpg,568,0,595,162,1,3
ch1_20180602_212230_349_s89.jpg,71,0,93,162,1,3
ch1_20180615_202506_686_s57.jpg,720,0,738,162,1,3
ch1_20180615_202506_686_s57.jpg,653,0,675,162,1,3
ch1_20180615_202506_686_s57.jpg,500,0,530,162,1,3
ch1_20180602_204728_939_s126.jpg,1262,0,1291,162,1,3
ch1_20160830_195001_847_s132.jpg,796,0,814,162,1,3
ch1_20160830_195001_847_s132.jpg,413,0,425,162,1,3
ch1_20160830_195001_847_s132.jpg,469,0,482,162,1,3
ch1_20180602_205229_138_s103.jpg,893,0,916,162,1,3
ch1_20180602_205229_138_s103.jpg,712,0,735,162,1,3
ch1_20180602_205229_138_s103.jpg,782,0,811,162,1,3
ch1_20160815_203846_040_s75.jpg,254,0,278,162,1,3
ch1_20160830_195502_059_s82.jpg,354,0,370,162,1,3
ch1_20160830_195502_059_s82.jpg,697,0,718,162,1,3
ch1_20160815_205846_942_s16.jpg,859,0,882,162,1,3
ch1_20180615_201006_070_s48.jpg,20,0,44,162,1,3
ch1_20180615_201006_070_s48.jpg,514,0,539,162,1,3
ch1_20180615_201006_070_s48.jpg,576,0,597,162,1,3
ch1_20180615_201006_070_s48.jpg,788,0,812,162,1,3
ch1_20160815_204846_498_s63.jpg,831,0,852,162,1,3
ch1_20160830_195502_059_s60.jpg,919,0,943,162,1,3
ch1_20180615_200505_862_s81.jpg,1392,0,1415,162,1,3
ch1_20180615_200505_862_s104.jpg,1371,0,1403,162,1,3
ch1_20160830_191000_059_s9.jpg,445,0,459,162,1,3
ch1_20160830_191000_059_s23.jpg,789,0,807,162,1,3
ch1_20160815_210847_398_s51.jpg,985,0,1007,162,1,3
ch1_20180602_212730_544_s135.jpg,1097,0,1121,162,1,3
ch1_20180602_210229_548_s52.jpg,59,0,85,162,1,3
ch1_20180615_202506_686_s63.jpg,479,0,507,162,1,3
ch1_20180615_203006_889_s115.jpg,441,0,455,162,1,3
ch1_20180615_203006_889_s115.jpg,552,0,564,162,1,3
ch1_20180615_203006_889_s115.jpg,604,0,616,162,1,3
ch1_20150902_235935_260_s70.jpg,287,0,311,162,1,3
ch1_20180615_201506_272_s126.jpg,266,0,294,162,1,3
ch1_20160830_191500_286_s101.jpg,1326,0,1341,162,1,3
ch1_20160830_191500_286_s101.jpg,725,0,739,162,1,3
ch1_20160830_191500_286_s101.jpg,477,0,499,162,1,3
ch1_20180602_212730_544_s126.jpg,608,0,633,162,1,3
ch1_20160815_205846_942_s16.jpg,863,0,881,162,1,3
ch1_20160830_194501_624_s108.jpg,1153,0,1194,162,1,3
ch1_20180602_211229_947_s74.jpg,97,0,136,162,1,3
ch1_20180615_195005_249_s74.jpg,1166,0,1206,162,1,3
ch1_20160830_191500_286_s117.jpg,196,0,209,162,1,3
ch1_20160815_212348_074_s109.jpg,457,0,488,162,1,3
ch1_20160815_212348_074_s141.jpg,1282,0,1298,162,1,3
ch1_20160815_204346_270_s92.jpg,507,0,534,162,1,3
ch1_20150915_191834_773_s131.jpg,287,0,311,162,1,3
ch1_20160830_192500_741_s108.jpg,772,0,796,162,1,3
ch1_20160830_192500_741_s108.jpg,927,0,946,162,1,3
ch1_20150902_232933_901_s58.jpg,802,0,827,162,1,3
ch1_20180615_203507_097_s41.jpg,163,0,195,162,1,3
ch1_20180615_203507_097_s41.jpg,217,0,237,162,1,3
ch1_20150902_232433_673_s106.jpg,705,0,738,162,1,3
ch1_20180602_204228_741_s114.jpg,1066,0,1087,162,1,3
ch1_20160830_190459_841_s66.jpg,1028,0,1057,162,1,3
ch1_20180615_200505_862_s40.jpg,518,0,546,162,1,3
ch1_20150902_230432_765_s71.jpg,414,0,439,162,1,3
ch1_20180615_201006_070_s47.jpg,1293,0,1329,162,1,3
ch1_20180615_201006_070_s47.jpg,1324,0,1354,162,1,3
ch1_20180615_203507_097_s108.jpg,1124,0,1173,162,1,3
ch1_20150902_233434_128_s29.jpg,537,0,557,162,1,3
ch1_20150902_234934_811_s8.jpg,1208,0,1232,162,1,3
ch1_20160815_203846_040_s113.jpg,988,0,1017,162,1,3
ch1_20160815_203846_040_s113.jpg,1064,0,1094,162,1,3
ch1_20160815_203846_040_s113.jpg,1346,0,1370,162,1,3
ch1_20150902_234934_811_s145.jpg,1097,0,1114,162,1,3
ch1_20150902_234934_811_s145.jpg,27,0,39,162,1,3
ch1_20180615_200505_862_s40.jpg,516,0,549,162,1,3
ch1_20180602_203728_547_s40.jpg,3,0,25,162,1,3
ch1_20180602_203728_547_s40.jpg,540,0,566,162,1,3
ch1_20160815_202845_581_s104.jpg,55,0,75,162,1,3
ch1_20150915_193335_458_s90.jpg,821,0,839,162,1,3
ch1_20180615_201506_272_s133.jpg,34,0,61,162,1,3
ch1_20180615_202506_686_s31.jpg,1289,0,1324,162,1,3
ch1_20180615_203006_889_s145.jpg,1078,0,1103,162,1,3
ch1_20160815_204346_270_s35.jpg,518,0,543,162,1,3
ch1_20160815_204346_270_s35.jpg,543,0,568,162,1,3
ch1_20160815_205846_942_s54.jpg,444,0,462,162,1,3
ch1_20150902_232433_673_s87.jpg,954,0,996,162,1,3
ch1_20180602_203728_547_s7.jpg,771,0,798,162,1,3
ch1_20180602_203728_547_s7.jpg,925,0,950,162,1,3
ch1_20160815_204846_498_s57.jpg,393,0,416,162,1,3
ch1_20160830_193501_188_s10.jpg,800,0,826,162,1,3
ch1_20160830_193501_188_s10.jpg,737,0,790,162,1,3
ch1_20180602_203728_547_s108.jpg,1155,0,1166,162,1,3
ch1_20180602_212230_349_s118.jpg,163,0,187,162,1,3
ch1_20180615_200005_654_s30.jpg,1129,0,1156,162,1,3
ch1_20160815_205346_718_s94.jpg,271,0,294,162,1,3
ch1_20180615_195005_249_s66.jpg,710,0,739,162,1,3
ch1_20160815_205346_718_s42.jpg,74,0,97,162,1,3
ch1_20160830_193000_969_s131.jpg,848,0,870,162,1,3
ch1_20160830_193000_969_s131.jpg,1179,0,1200,162,1,3
ch1_20180602_204728_939_s22.jpg,606,0,632,162,1,3
ch1_20180602_204728_939_s22.jpg,710,0,720,162,1,3
ch1_20180602_204728_939_s22.jpg,729,0,739,162,1,3
ch1_20160830_193501_188_s134.jpg,911,0,937,162,1,3
ch1_20150902_232933_901_s112.jpg,896,0,914,162,1,3
ch1_20160830_192500_741_s125.jpg,403,0,428,162,1,3
ch1_20180602_211229_947_s145.jpg,468,0,482,162,1,3
ch1_20180602_211229_947_s145.jpg,577,0,602,162,1,3
ch1_20180602_212730_544_s35.jpg,768,0,789,162,1,3
ch1_20180602_212730_544_s35.jpg,864,0,890,162,1,3
ch1_20180602_212730_544_s35.jpg,981,0,1008,162,1,3
ch1_20180602_212730_544_s35.jpg,1048,0,1070,162,1,3
ch1_20150927_141634_991_s14.jpg,1077,0,1085,162,1,3
ch1_20150927_141634_991_s14.jpg,1399,0,1407,162,1,3
ch1_20180602_212230_349_s71.jpg,1223,0,1252,162,1,3
ch1_20160815_212348_074_s21.jpg,385,0,395,162,1,3
ch1_20160815_212348_074_s21.jpg,410,0,423,162,1,3
ch1_20160814_151726_036_s74.jpg,763,0,773,162,1,3
ch1_20180615_200005_654_s93.jpg,706,0,745,162,1,3
ch1_20180615_200005_654_s93.jpg,756,0,782,162,1,3
ch1_20180615_200005_654_s93.jpg,833,0,859,162,1,3
ch1_20160830_195502_059_s16.jpg,973,0,995,162,1,3
ch1_20180615_202506_686_s89.jpg,339,0,366,162,1,3
ch1_20180615_202506_686_s89.jpg,1112,0,1137,162,1,3
ch1_20150902_232933_901_s59.jpg,872,0,909,162,1,3
ch1_20150902_232933_901_s59.jpg,800,0,832,162,1,3
ch1_20150902_232933_901_s59.jpg,766,0,793,162,1,3
ch1_20150902_232933_901_s59.jpg,744,0,767,162,1,3
ch1_20150902_232933_901_s59.jpg,448,0,484,162,1,3
ch1_20150902_235435_039_s142.jpg,307,0,325,162,1,3
ch1_20150902_235435_039_s142.jpg,350,0,362,162,1,3
ch1_20150902_235435_039_s142.jpg,359,0,379,162,1,3
ch1_20180615_202006_477_s27.jpg,1373,0,1393,162,1,3
ch1_20150927_135133_845_s91.jpg,1076,0,1081,162,1,3
ch1_20150927_135133_845_s91.jpg,1177,0,1186,162,1,3
ch1_20150902_235435_039_s102.jpg,33,0,56,162,1,3
ch1_20150902_235435_039_s102.jpg,484,0,502,162,1,3
ch1_20150902_235435_039_s102.jpg,547,0,576,162,1,3
ch1_20160830_192500_741_s125.jpg,403,0,425,162,1,3
ch1_20160830_192500_741_s125.jpg,482,0,504,162,1,3
ch1_20160830_192500_741_s125.jpg,568,0,587,162,1,3
ch1_20160830_192500_741_s97.jpg,1250,0,1260,162,1,3
ch1_20180602_212730_544_s27.jpg,906,0,927,162,1,3
ch1_20160815_203345_809_s58.jpg,882,0,905,162,1,3
ch1_20160815_203345_809_s58.jpg,1084,0,1102,162,1,3
ch1_20180615_202006_477_s78.jpg,255,0,282,162,1,3
ch1_20160830_200002_284_s114.jpg,862,0,897,162,1,3
ch1_20150902_234934_811_s146.jpg,1342,0,1371,162,1,3
ch1_20150902_234934_811_s146.jpg,677,0,699,162,1,3
ch1_20180615_204007_306_s98.jpg,749,0,789,162,1,3
ch1_20180602_210729_749_s136.jpg,1273,0,1306,162,1,3
ch1_20150902_234934_811_s85.jpg,212,0,227,162,1,3
ch1_20150902_234934_811_s85.jpg,1060,0,1082,162,1,3
ch1_20150902_234934_811_s85.jpg,1126,0,1143,162,1,3
ch1_20160830_195001_847_s120.jpg,939,0,955,162,1,3
ch1_20160815_205346_718_s5.jpg,134,0,156,162,1,3
ch1_20180602_203228_351_s16.jpg,656,0,676,162,1,3
ch1_20180602_203228_351_s16.jpg,842,0,859,162,1,3
ch1_20150902_233934_355_s140.jpg,855,0,875,162,1,3
ch1_20150902_233934_355_s140.jpg,1022,0,1039,162,1,3
ch1_20150902_233934_355_s140.jpg,1162,0,1175,162,1,3
ch1_20150902_233934_355_s133.jpg,996,0,1020,162,1,3
ch1_20180615_194505_040_s36.jpg,534,0,547,162,1,3
ch1_20180615_194505_040_s134.jpg,993,0,1000,162,1,3
ch1_20180602_212230_349_s33.jpg,530,0,560,162,1,3
ch1_20180602_212230_349_s33.jpg,1180,0,1200,162,1,3
ch1_20180602_204728_939_s43.jpg,653,0,682,162,1,3
ch1_20160830_194001_403_s32.jpg,927,0,947,162,1,3
ch1_20150902_234434_583_s51.jpg,761,0,796,162,1,3
ch1_20150902_234434_583_s51.jpg,1250,0,1296,162,1,3
ch1_20160815_211347_625_s52.jpg,954,0,973,162,1,3
ch1_20160830_194001_403_s83.jpg,984,0,1011,162,1,3
ch1_20150902_232933_901_s26.jpg,1259,0,1276,162,1,3
ch1_20180615_202506_686_s89.jpg,339,0,361,162,1,3
ch1_20160830_192000_520_s130.jpg,542,0,560,162,1,3
ch1_20160830_194501_624_s128.jpg,676,0,702,162,1,3
ch1_20160815_205846_942_s51.jpg,257,0,287,162,1,3
ch1_20160830_191000_059_s52.jpg,686,0,714,162,1,3
ch1_20180602_204228_741_s43.jpg,578,0,602,162,1,3
ch1_20160830_192500_741_s113.jpg,38,0,49,162,1,3
ch1_20160830_192500_741_s113.jpg,416,0,431,162,1,3
ch1_20160830_192500_741_s113.jpg,1171,0,1186,162,1,3
ch1_20160830_192500_741_s113.jpg,1185,0,1197,162,1,3
ch1_20150915_185833_856_s67.jpg,1158,0,1187,162,1,3
ch1_20150915_185833_856_s67.jpg,1288,0,1310,162,1,3
ch1_20160830_195001_847_s22.jpg,905,0,924,162,1,3
ch1_20160830_195001_847_s22.jpg,245,0,259,162,1,3
ch1_20160830_191000_059_s70.jpg,492,0,513,162,1,3
ch1_20150902_233934_355_s53.jpg,128,0,151,162,1,3
ch1_20180602_205229_138_s91.jpg,943,0,963,162,1,3
ch1_20180615_194505_040_s69.jpg,1112,0,1135,162,1,3
ch1_20160830_192000_520_s118.jpg,1373,0,1390,162,1,3
ch1_20160830_193501_188_s104.jpg,49,0,65,162,1,3
ch1_20160830_193501_188_s104.jpg,784,0,814,162,1,3
ch1_20180602_212230_349_s33.jpg,534,0,555,162,1,3
ch1_20150902_234434_583_s82.jpg,792,0,818,162,1,3
ch1_20150902_234434_583_s82.jpg,167,0,209,162,1,3
ch1_20160830_195502_059_s57.jpg,904,0,926,162,1,3
ch1_20160830_195502_059_s57.jpg,993,0,1012,162,1,3
ch1_20160830_195502_059_s57.jpg,1026,0,1051,162,1,3
ch1_20180602_210729_749_s92.jpg,1194,0,1220,162,1,3
ch1_20180602_210729_749_s92.jpg,1358,0,1382,162,1,3
ch1_20150902_231433_221_s58.jpg,1018,0,1043,162,1,3
ch1_20150902_231433_221_s109.jpg,766,0,784,162,1,3
ch1_20160830_192500_741_s113.jpg,36,0,53,162,1,3
ch1_20160830_192500_741_s113.jpg,414,0,443,162,1,3
ch1_20150902_232433_673_s15.jpg,141,0,167,162,1,3
ch1_20150902_232433_673_s15.jpg,354,0,382,162,1,3
ch1_20180602_211730_150_s10.jpg,1211,0,1235,162,1,3
ch1_20180602_211730_150_s10.jpg,1030,0,1056,162,1,3
ch1_20160830_194001_403_s104.jpg,511,0,541,162,1,3
ch1_20160830_194001_403_s104.jpg,483,0,500,162,1,3
ch1_20160830_194001_403_s104.jpg,666,0,680,162,1,3
ch1_20160830_194001_403_s104.jpg,898,0,920,162,1,3
ch1_20160830_194001_403_s104.jpg,975,0,1003,162,1,3
ch1_20180602_212730_544_s103.jpg,486,0,516,162,1,3
ch1_20150902_233434_128_s79.jpg,426,0,454,162,1,3
ch1_20150902_233434_128_s79.jpg,959,0,983,162,1,3
ch1_20160830_191000_059_s93.jpg,420,0,447,162,1,3
ch1_20180615_202006_477_s104.jpg,378,0,404,162,1,3
ch1_20180615_202006_477_s104.jpg,417,0,441,162,1,3
ch1_20180602_203228_351_s122.jpg,1084,0,1116,162,1,3
ch1_20180602_203228_351_s122.jpg,48,0,73,162,1,3
ch1_20160830_193000_969_s135.jpg,593,0,599,162,1,3
ch1_20160830_193000_969_s135.jpg,795,0,809,162,1,3
ch1_20160830_193000_969_s135.jpg,1280,0,1305,162,1,3
ch1_20160815_202845_581_s51.jpg,142,0,171,162,1,3
ch1_20160815_202845_581_s51.jpg,246,0,268,162,1,3
ch1_20160830_194501_624_s98.jpg,1146,0,1164,162,1,3
ch1_20160830_194501_624_s98.jpg,1063,0,1084,162,1,3
ch1_20150902_235935_260_s7.jpg,1116,0,1142,162,1,3
ch1_20150902_235935_260_s125.jpg,1222,0,1242,162,1,3
ch1_20180615_201506_272_s143.jpg,1084,0,1115,162,1,3
ch1_20180615_201506_272_s143.jpg,1123,0,1167,162,1,3
ch1_20150902_233434_128_s44.jpg,590,0,613,162,1,3
ch1_20150902_233434_128_s44.jpg,824,0,841,162,1,3
ch1_20150902_230932_991_s54.jpg,1157,0,1186,162,1,3
ch1_20160830_194501_624_s46.jpg,131,0,151,162,1,3
ch1_20180602_204728_939_s114.jpg,823,0,846,162,1,3
ch1_20160815_204346_270_s141.jpg,983,0,1007,162,1,3
ch1_20180602_205729_347_s69.jpg,936,0,956,162,1,3
ch1_20180602_205729_347_s69.jpg,455,0,475,162,1,3
ch1_20160815_210847_398_s82.jpg,638,0,682,162,1,3
ch1_20160830_193501_188_s70.jpg,1389,0,1412,162,1,3
ch1_20160830_193501_188_s70.jpg,708,0,727,162,1,3
ch1_20160830_193501_188_s70.jpg,245,0,265,162,1,3
ch1_20160830_193501_188_s70.jpg,98,0,120,162,1,3
ch1_20160830_193000_969_s99.jpg,49,0,65,162,1,3
ch1_20160830_194501_624_s125.jpg,1031,0,1053,162,1,3
ch1_20150902_233434_128_s145.jpg,644,0,659,162,1,3
ch1_20150902_233434_128_s145.jpg,512,0,525,162,1,3
ch1_20150902_233434_128_s145.jpg,876,0,892,162,1,3
ch1_20180602_210729_749_s136.jpg,1275,0,1308,162,1,3
ch1_20180615_203507_097_s37.jpg,43,0,68,162,1,3
ch1_20180615_203507_097_s37.jpg,84,0,100,162,1,3
ch1_20180615_203507_097_s37.jpg,131,0,147,162,1,3
ch1_20180615_203507_097_s37.jpg,210,0,225,162,1,3
ch1_20180615_203507_097_s37.jpg,1163,0,1179,162,1,3
ch1_20150902_235935_260_s125.jpg,1221,0,1240,162,1,3
ch1_20150902_232933_901_s104.jpg,26,0,46,162,1,3
ch1_20160830_193000_969_s52.jpg,863,0,877,162,1,3
ch1_20160830_193000_969_s52.jpg,337,0,348,162,1,3
ch1_20160830_193000_969_s52.jpg,534,0,551,162,1,3
ch1_20180615_200005_654_s78.jpg,1164,0,1193,162,1,3
ch1_20160830_193000_969_s86.jpg,297,0,315,162,1,3
ch1_20150915_193335_458_s133.jpg,1229,0,1268,162,1,3
ch1_20180615_201506_272_s20.jpg,1070,0,1121,162,1,3
ch1_20160830_195001_847_s33.jpg,583,0,601,162,1,3
ch1_20180602_203228_351_s68.jpg,456,0,484,162,1,3
ch1_20160830_195001_847_s2.jpg,104,0,130,162,1,3
ch1_20180615_201506_272_s50.jpg,63,0,76,162,1,3
ch1_20180615_201506_272_s50.jpg,82,0,108,162,1,3
ch1_20160830_190459_841_s35.jpg,23,0,46,162,1,3
ch1_20160830_190459_841_s35.jpg,805,0,822,162,1,3
ch1_20180615_202006_477_s26.jpg,1290,0,1330,162,1,3
ch1_20180615_202006_477_s26.jpg,1340,0,1376,162,1,3
ch1_20180615_202006_477_s26.jpg,1384,0,1411,162,1,3
ch1_20160830_192000_520_s138.jpg,1239,0,1255,162,1,3
ch1_20160830_192000_520_s138.jpg,1286,0,1304,162,1,3
ch1_20150902_230932_991_s54.jpg,428,0,453,162,1,3
ch1_20150902_230932_991_s54.jpg,488,0,511,162,1,3
ch1_20150902_230932_991_s54.jpg,1162,0,1184,162,1,3
ch1_20160815_212348_074_s37.jpg,1020,0,1046,162,1,3
ch1_20150902_232433_673_s117.jpg,669,0,697,162,1,3
ch1_20180615_195505_452_s123.jpg,237,0,256,162,1,3
ch1_20160815_210847_398_s20.jpg,1008,0,1021,162,1,3
ch1_20180615_204007_306_s121.jpg,1391,0,1400,162,1,3
ch1_20180615_204007_306_s121.jpg,1269,0,1281,162,1,3
ch1_20160830_195502_059_s94.jpg,483,0,500,162,1,3
ch1_20160830_195502_059_s94.jpg,514,0,526,162,1,3
ch1_20150915_191834_773_s146.jpg,266,0,287,162,1,3
ch1_20160830_192000_520_s138.jpg,1288,0,1305,162,1,3
ch1_20180615_202006_477_s113.jpg,83,0,104,162,1,3
ch1_20160830_195001_847_s2.jpg,32,0,47,162,1,3
ch1_20160830_195001_847_s2.jpg,108,0,122,162,1,3
ch1_20160830_193000_969_s86.jpg,375,0,388,162,1,3
ch1_20150902_231933_448_s123.jpg,7,0,24,162,1,3
ch1_20150902_231933_448_s123.jpg,168,0,190,162,1,3
ch1_20150902_231933_448_s123.jpg,1035,0,1056,162,1,3
ch1_20160830_192000_520_s15.jpg,340,0,357,162,1,3
ch1_20160830_193000_969_s135.jpg,599,0,612,162,1,3
ch1_20160830_193000_969_s135.jpg,589,0,600,162,1,3
ch1_20160830_193000_969_s135.jpg,193,0,212,162,1,3
ch1_20160830_193000_969_s135.jpg,1281,0,1297,162,1,3
ch1_20150915_193835_683_s59.jpg,891,0,909,162,1,3
ch1_20150927_134633_618_s48.jpg,1089,0,1126,162,1,3
ch1_20150927_134633_618_s48.jpg,1250,0,1268,162,1,3
ch1_20180615_203507_097_s23.jpg,483,0,504,162,1,3
ch1_20180615_201506_272_s134.jpg,1090,0,1123,162,1,3
ch1_20160815_210347_173_s126.jpg,1010,0,1041,162,1,3
ch1_20150927_134633_618_s91.jpg,104,0,114,162,1,3
ch1_20180602_212730_544_s35.jpg,768,0,795,162,1,3
ch1_20180615_204007_306_s125.jpg,534,0,572,162,1,3
ch1_20180615_204007_306_s81.jpg,781,0,816,162,1,3
ch1_20180602_210229_548_s91.jpg,892,0,917,162,1,3
ch1_20180615_200505_862_s2.jpg,575,0,594,162,1,3
ch1_20180615_204007_306_s98.jpg,749,0,789,162,1,3
ch1_20180615_204007_306_s98.jpg,1373,0,1386,162,1,3
ch1_20160815_203846_040_s42.jpg,1206,0,1229,162,1,3
ch1_20160815_203846_040_s42.jpg,1185,0,1209,162,1,3
ch1_20160830_195502_059_s94.jpg,509,0,528,162,1,3
ch1_20150902_235435_039_s87.jpg,17,0,34,162,1,3
ch1_20160815_210347_173_s7.jpg,1222,0,1244,162,1,3
ch1_20180615_204007_306_s93.jpg,580,0,605,162,1,3
ch1_20160830_192000_520_s133.jpg,142,0,154,162,1,3
ch1_20160830_192000_520_s133.jpg,1013,0,1031,162,1,3
ch1_20160830_192000_520_s133.jpg,1130,0,1146,162,1,3
ch1_20160830_192000_520_s133.jpg,1229,0,1248,162,1,3
ch1_20160830_192000_520_s133.jpg,1391,0,1407,162,1,3
ch1_20180615_201006_070_s27.jpg,659,0,703,162,1,3
ch1_20180615_201006_070_s27.jpg,714,0,736,162,1,3
ch1_20160830_192500_741_s44.jpg,135,0,154,162,1,3
ch1_20160830_192500_741_s44.jpg,1115,0,1142,162,1,3
ch1_20160830_192500_741_s44.jpg,198,0,213,162,1,3
ch1_20160830_190459_841_s116.jpg,1140,0,1163,162,1,3
ch1_20150915_192835_228_s90.jpg,1270,0,1297,162,1,3
ch1_20150902_230932_991_s50.jpg,487,0,508,162,1,3
ch1_20150902_230932_991_s50.jpg,754,0,778,162,1,3
ch1_20150902_230932_991_s50.jpg,587,0,603,162,1,3
ch1_20160830_193501_188_s62.jpg,938,0,954,162,1,3
ch1_20180615_202506_686_s13.jpg,516,0,537,162,1,3
ch1_20180615_202506_686_s13.jpg,545,0,564,162,1,3
ch1_20150915_185833_856_s36.jpg,105,0,125,162,1,3
ch1_20180615_200005_654_s76.jpg,-15,0,25,162,1,3
ch1_20180602_211730_150_s55.jpg,1131,0,1156,162,1,3
ch1_20150902_230432_765_s24.jpg,1005,0,1020,162,1,3
ch1_20150902_230432_765_s24.jpg,1372,0,1392,162,1,3
ch1_20180615_195505_452_s129.jpg,978,0,1007,162,1,3
ch1_20150902_231933_448_s118.jpg,86,0,106,162,1,3
ch1_20150902_231933_448_s118.jpg,296,0,317,162,1,3
ch1_20150915_185833_856_s36.jpg,105,0,127,162,1,3
ch1_20150902_231433_221_s90.jpg,183,0,194,162,1,3
ch1_20160815_205846_942_s43.jpg,1264,0,1283,162,1,3
ch1_20150902_233434_128_s77.jpg,137,0,163,162,1,3
ch1_20150902_233434_128_s77.jpg,185,0,203,162,1,3
ch1_20180602_203228_351_s112.jpg,1106,0,1131,162,1,3
ch1_20180615_204007_306_s33.jpg,991,0,1018,162,1,3
ch1_20160830_191500_286_s21.jpg,1338,0,1357,162,1,3
ch1_20160830_191500_286_s21.jpg,983,0,996,162,1,3
ch1_20160830_191500_286_s21.jpg,1037,0,1056,162,1,3
ch1_20160830_191500_286_s21.jpg,1119,0,1137,162,1,3
ch1_20150902_230932_991_s50.jpg,756,0,781,162,1,3
ch1_20180602_203728_547_s115.jpg,619,0,635,162,1,3
ch1_20160830_191500_286_s118.jpg,874,0,897,162,1,3
ch1_20150902_230932_991_s16.jpg,152,0,182,162,1,3
ch1_20150902_230932_991_s16.jpg,1291,0,1303,162,1,3
ch1_20150902_235935_260_s29.jpg,1230,0,1245,162,1,3
ch1_20150902_235935_260_s29.jpg,468,0,490,162,1,3
ch1_20150902_235935_260_s29.jpg,391,0,405,162,1,3
ch1_20180602_204728_939_s86.jpg,960,0,988,162,1,3
ch1_20150902_232433_673_s44.jpg,274,0,288,162,1,3
ch1_20150902_232433_673_s44.jpg,277,0,287,162,1,3
ch1_20180602_204228_741_s7.jpg,1303,0,1335,162,1,3
ch1_20160815_210847_398_s13.jpg,1231,0,1266,162,1,3
ch1_20180615_201006_070_s27.jpg,660,0,695,162,1,3
ch1_20180615_201006_070_s27.jpg,712,0,734,162,1,3
ch1_20150902_235935_260_s41.jpg,35,0,77,162,1,3
ch1_20150902_235935_260_s41.jpg,122,0,148,162,1,3
ch1_20150902_235935_260_s41.jpg,284,0,308,162,1,3
ch1_20150902_235935_260_s41.jpg,376,0,400,162,1,3
ch1_20150902_235935_260_s41.jpg,1375,0,1410,162,1,3
ch1_20150902_234434_583_s48.jpg,1335,0,1358,162,1,3
ch1_20150902_234434_583_s48.jpg,173,0,214,162,1,3
ch1_20180602_210729_749_s100.jpg,1207,0,1226,162,1,3
ch1_20160830_200002_284_s74.jpg,527,0,552,162,1,3
ch1_20160830_200002_284_s74.jpg,927,0,942,162,1,3
ch1_20160830_194001_403_s130.jpg,857,0,886,162,1,3
ch1_20160830_194001_403_s130.jpg,443,0,476,162,1,3
ch1_20160830_194001_403_s130.jpg,952,0,979,162,1,3
ch1_20160830_194001_403_s130.jpg,1386,0,1412,162,1,3
ch1_20160815_202845_581_s1.jpg,235,0,262,162,1,3
ch1_20150902_231433_221_s63.jpg,4,0,17,162,1,3
ch1_20150902_231433_221_s63.jpg,120,0,143,162,1,3
ch1_20150902_231433_221_s63.jpg,229,0,253,162,1,3
ch1_20150902_231433_221_s63.jpg,406,0,442,162,1,3
ch1_20150902_231433_221_s63.jpg,532,0,553,162,1,3
ch1_20160830_200002_284_s74.jpg,527,0,553,162,1,3
ch1_20160830_200002_284_s74.jpg,924,0,953,162,1,3
ch1_20160830_200002_284_s74.jpg,1184,0,1209,162,1,3
ch1_20180602_211229_947_s136.jpg,1119,0,1146,162,1,3
ch1_20180602_211730_150_s102.jpg,615,0,634,162,1,3
ch1_20160830_190459_841_s14.jpg,123,0,145,162,1,3
ch1_20150902_230932_991_s109.jpg,274,0,296,162,1,3
ch1_20180615_202506_686_s119.jpg,1392,0,1418,162,1,3
ch1_20180615_202506_686_s119.jpg,977,0,1007,162,1,3
ch1_20180615_202506_686_s119.jpg,365,0,386,162,1,3
ch1_20180615_202506_686_s119.jpg,256,0,285,162,1,3
ch1_20180615_202506_686_s119.jpg,418,0,435,162,1,3
ch1_20150902_232433_673_s52.jpg,830,0,850,162,1,3
ch1_20160830_200002_284_s74.jpg,928,0,943,162,1,3
ch1_20160830_200002_284_s74.jpg,525,0,543,162,1,3
ch1_20160830_200002_284_s74.jpg,1076,0,1093,162,1,3
ch1_20160830_192000_520_s11.jpg,911,0,924,162,1,3
ch1_20160830_195001_847_s110.jpg,1330,0,1349,162,1,3
ch1_20160815_211847_860_s101.jpg,430,0,449,162,1,3
ch1_20160815_211347_625_s84.jpg,951,0,968,162,1,3
ch1_20180615_203006_889_s76.jpg,674,0,710,162,1,3
ch1_20160830_194001_403_s143.jpg,788,0,810,162,1,3
ch1_20160830_194001_403_s143.jpg,940,0,965,162,1,3
ch1_20160830_194001_403_s143.jpg,1359,0,1380,162,1,3
ch1_20160830_194001_403_s130.jpg,438,0,486,162,1,3
ch1_20160830_194001_403_s130.jpg,858,0,877,162,1,3
ch1_20160830_194001_403_s130.jpg,1381,0,1412,162,1,3
ch1_20160830_194001_403_s130.jpg,952,0,984,162,1,3
ch1_20180615_204007_306_s33.jpg,990,0,1015,162,1,3
ch1_20180615_204007_306_s33.jpg,1177,0,1202,162,1,3
ch1_20180602_204228_741_s7.jpg,1331,0,1348,162,1,3
ch1_20180602_204228_741_s7.jpg,1348,0,1366,162,1,3
ch1_20180602_204228_741_s7.jpg,1302,0,1333,162,1,3
ch1_20160830_194001_403_s130.jpg,443,0,474,162,1,3
ch1_20160830_194001_403_s130.jpg,958,0,977,162,1,3
ch1_20160830_194001_403_s130.jpg,1392,0,1413,162,1,3
ch1_20160830_194001_403_s130.jpg,1289,0,1319,162,1,3
ch1_20160830_194001_403_s130.jpg,858,0,884,162,1,3
ch1_20160815_205846_942_s61.jpg,372,0,393,162,1,3
ch1_20160815_204846_498_s35.jpg,438,0,447,162,1,3
ch1_20150915_193335_458_s134.jpg,624,0,645,162,1,3
ch1_20160830_191500_286_s118.jpg,711,0,738,162,1,3
ch1_20160830_191500_286_s118.jpg,873,0,898,162,1,3
ch1_20160815_211847_860_s87.jpg,41,0,64,162,1,3
ch1_20180615_202506_686_s119.jpg,362,0,386,162,1,3
ch1_20180615_202506_686_s119.jpg,417,0,441,162,1,3
ch1_20180615_202506_686_s119.jpg,801,0,821,162,1,3
ch1_20160815_210347_173_s21.jpg,34,0,56,162,1,3
ch1_20160815_210347_173_s21.jpg,759,0,782,162,1,3
ch1_20160830_194001_403_s143.jpg,1266,0,1289,162,1,3
ch1_20180615_202506_686_s13.jpg,542,0,560,162,1,3
ch1_20150902_233434_128_s57.jpg,670,0,695,162,1,3
ch1_20150902_233434_128_s57.jpg,1214,0,1235,162,1,3
ch1_20160815_204346_270_s138.jpg,941,0,955,162,1,3
ch1_20160815_204346_270_s138.jpg,1011,0,1029,162,1,3
ch1_20150902_231433_221_s88.jpg,11,0,24,162,1,3
ch1_20150902_231433_221_s88.jpg,26,0,50,162,1,3
ch1_20160830_192000_520_s52.jpg,1119,0,1150,162,1,3
ch1_20160815_210847_398_s89.jpg,433,0,453,162,1,3
ch1_20160815_210847_398_s89.jpg,753,0,772,162,1,3
ch1_20160815_210847_398_s89.jpg,918,0,932,162,1,3
ch1_20150902_231433_221_s78.jpg,1079,0,1108,162,1,3
ch1_20180615_201506_272_s26.jpg,639,0,664,162,1,3
ch1_20180615_203006_889_s83.jpg,1077,0,1102,162,1,3
ch1_20180615_203006_889_s83.jpg,1107,0,1126,162,1,3
ch1_20160830_200002_284_s49.jpg,85,0,107,162,1,3
ch1_20160830_200002_284_s49.jpg,1186,0,1211,162,1,3
ch1_20150902_235435_039_s120.jpg,1196,0,1207,162,1,3
ch1_20160815_202845_581_s1.jpg,237,0,263,162,1,3
ch1_20160830_193501_188_s24.jpg,58,0,68,162,1,3
ch1_20180615_194505_040_s114.jpg,849,0,867,162,1,3
ch1_20160815_210847_398_s89.jpg,418,0,433,162,1,3
ch1_20160815_210847_398_s89.jpg,427,0,451,162,1,3
ch1_20150902_231933_448_s5.jpg,999,0,1018,162,1,3
ch1_20150902_235935_260_s41.jpg,35,0,67,162,1,3
ch1_20160830_192000_520_s94.jpg,1383,0,1398,162,1,3
ch1_20180602_212230_349_s138.jpg,97,0,125,162,1,3
ch1_20180602_212230_349_s138.jpg,173,0,198,162,1,3
ch1_20180602_212230_349_s138.jpg,220,0,241,162,1,3
ch1_20180602_212230_349_s138.jpg,301,0,344,162,1,3
ch1_20180602_212230_349_s138.jpg,640,0,668,162,1,3
ch1_20180602_212230_349_s138.jpg,742,0,764,162,1,3
ch1_20180602_212230_349_s138.jpg,1209,0,1242,162,1,3
ch1_20180602_212230_349_s138.jpg,96,0,122,162,1,3
ch1_20180602_212230_349_s138.jpg,172,0,199,162,1,3
ch1_20150902_235435_039_s29.jpg,1090,0,1130,162,1,3
ch1_20180615_201006_070_s97.jpg,317,0,357,162,1,3
ch1_20160815_204346_270_s138.jpg,934,0,957,162,1,3
ch1_20160815_204346_270_s138.jpg,1007,0,1022,162,1,3
ch1_20180615_201506_272_s97.jpg,814,0,832,162,1,3
ch1_20150902_230432_765_s141.jpg,986,0,1010,162,1,3
ch1_20150902_230432_765_s141.jpg,1161,0,1182,162,1,3
ch1_20180615_201006_070_s88.jpg,757,0,789,162,1,3
ch1_20180615_201006_070_s88.jpg,816,0,843,162,1,3
ch1_20180602_203728_547_s31.jpg,469,0,502,162,1,3
ch1_20150902_235435_039_s79.jpg,199,0,231,162,1,3
ch1_20160830_200002_284_s103.jpg,1317,0,1340,162,1,3
ch1_20160830_200002_284_s103.jpg,1339,0,1352,162,1,3
ch1_20160830_200002_284_s103.jpg,1403,0,1419,162,1,3
ch1_20160830_200002_284_s61.jpg,1340,0,1365,162,1,3
ch1_20180615_203006_889_s60.jpg,882,0,918,162,1,3
ch1_20180615_203006_889_s60.jpg,940,0,970,162,1,3
ch1_20180615_203006_889_s60.jpg,1119,0,1152,162,1,3
ch1_20180615_203006_889_s60.jpg,1371,0,1407,162,1,3
ch1_20180615_203006_889_s60.jpg,1310,0,1359,162,1,3
ch1_20180615_203006_889_s60.jpg,1254,0,1300,162,1,3
ch1_20180615_203006_889_s60.jpg,1202,0,1235,162,1,3
ch1_20180615_203006_889_s60.jpg,1182,0,1201,162,1,3
ch1_20180615_203006_889_s60.jpg,1014,0,1046,162,1,3
ch1_20180615_203006_889_s60.jpg,981,0,1012,162,1,3
ch1_20160830_195502_059_s58.jpg,615,0,631,162,1,3
ch1_20160830_195502_059_s58.jpg,708,0,727,162,1,3
ch1_20160830_195502_059_s58.jpg,1072,0,1088,162,1,3
ch1_20180602_211730_150_s110.jpg,1023,0,1063,162,1,3
ch1_20180602_211730_150_s110.jpg,62,0,86,162,1,3
ch1_20160830_200002_284_s103.jpg,1320,0,1342,162,1,3
ch1_20160830_200002_284_s103.jpg,1336,0,1358,162,1,3
ch1_20160830_200002_284_s103.jpg,1358,0,1384,162,1,3
ch1_20160830_200002_284_s103.jpg,1400,0,1421,162,1,3
ch1_20180602_204228_741_s126.jpg,17,0,57,162,1,3
ch1_20180615_201506_272_s97.jpg,812,0,836,162,1,3
ch1_20180615_201506_272_s97.jpg,1253,0,1279,162,1,3
ch1_20150902_235935_260_s34.jpg,1191,0,1202,162,1,3
ch1_20150902_235935_260_s34.jpg,1275,0,1297,162,1,3
ch1_20150902_235935_260_s34.jpg,716,0,737,162,1,3
ch1_20160830_200002_284_s103.jpg,1400,0,1420,162,1,3
ch1_20160830_200002_284_s103.jpg,1363,0,1377,162,1,3
ch1_20160830_200002_284_s103.jpg,1337,0,1355,162,1,3
ch1_20160830_200002_284_s103.jpg,1322,0,1340,162,1,3
ch1_20160830_194501_624_s1.jpg,627,0,663,162,1,3
ch1_20150902_232433_673_s116.jpg,1377,0,1410,162,1,3
ch1_20150902_232433_673_s116.jpg,1217,0,1242,162,1,3
ch1_20180615_195505_452_s62.jpg,1284,0,1311,162,1,3
ch1_20150902_230432_765_s141.jpg,1356,0,1381,162,1,3
ch1_20150902_230432_765_s141.jpg,988,0,1004,162,1,3
ch1_20160815_203846_040_s22.jpg,1306,0,1324,162,1,3
ch1_20180602_212230_349_s112.jpg,1342,0,1362,162,1,3
ch1_20180602_212230_349_s112.jpg,877,0,903,162,1,3
ch1_20160830_195502_059_s117.jpg,358,0,384,162,1,3
ch1_20160830_195502_059_s117.jpg,1178,0,1215,162,1,3
ch1_20160830_195502_059_s117.jpg,993,0,1020,162,1,3
ch1_20160830_200002_284_s103.jpg,1344,0,1353,162,1,3
ch1_20160830_200002_284_s103.jpg,1404,0,1422,162,1,3
ch1_20150902_233934_355_s55.jpg,1094,0,1111,162,1,3
ch1_20150902_233934_355_s55.jpg,654,0,682,162,1,3
ch1_20150902_233934_355_s55.jpg,712,0,728,162,1,3
ch1_20170730_163905_415_s3.jpg,133,0,158,162,1,3
ch1_20180602_212230_349_s112.jpg,874,0,911,162,1,3
ch1_20180615_201006_070_s88.jpg,766,0,797,162,1,3
ch1_20180615_201006_070_s88.jpg,822,0,844,162,1,3
ch1_20150902_233934_355_s55.jpg,653,0,679,162,1,3
ch1_20150902_233934_355_s55.jpg,709,0,728,162,1,3
ch1_20160830_195502_059_s117.jpg,1182,0,1210,162,1,3
ch1_20160830_192000_520_s11.jpg,720,0,736,162,1,3
ch1_20180615_201006_070_s90.jpg,692,0,713,162,1,3
ch1_20180602_205729_347_s103.jpg,553,0,577,162,1,3
ch1_20180602_205729_347_s103.jpg,316,0,353,162,1,3
ch1_20180602_205729_347_s103.jpg,11,0,39,162,1,3
ch1_20180615_201506_272_s97.jpg,815,0,838,162,1,3
ch1_20150902_230432_765_s34.jpg,425,0,468,162,1,3
ch1_20150902_230432_765_s34.jpg,428,0,462,162,1,3
ch1_20180615_201006_070_s52.jpg,560,0,581,162,1,3
ch1_20150902_230432_765_s34.jpg,427,0,477,162,1,3
ch1_20150902_231933_448_s61.jpg,270,0,287,162,1,3
ch1_20150902_231933_448_s61.jpg,332,0,353,162,1,3
ch1_20160830_193501_188_s24.jpg,78,0,97,162,1,3
ch1_20160830_193501_188_s24.jpg,114,0,127,162,1,3
ch1_20160830_193501_188_s24.jpg,130,0,158,162,1,3
ch1_20160830_193501_188_s24.jpg,156,0,175,162,1,3
ch1_20150902_230432_765_s40.jpg,268,0,292,162,1,3
ch1_20150902_230432_765_s40.jpg,423,0,444,162,1,3
ch1_20150902_231933_448_s61.jpg,461,0,469,162,1,3
ch1_20150902_231933_448_s61.jpg,376,0,387,162,1,3
ch1_20150902_231933_448_s61.jpg,360,0,375,162,1,3
ch1_20150902_231933_448_s61.jpg,331,0,352,162,1,3
ch1_20150902_231933_448_s61.jpg,293,0,310,162,1,3
ch1_20150902_230432_765_s40.jpg,506,0,543,162,1,3
ch1_20150902_230432_765_s40.jpg,404,0,441,162,1,3
ch1_20180602_205729_347_s103.jpg,11,0,32,162,1,3
ch1_20180602_205729_347_s103.jpg,35,0,44,162,1,3
ch1_20180602_205729_347_s103.jpg,669,0,685,162,1,3
ch1_20180602_205729_347_s103.jpg,332,0,348,162,1,3
ch1_20150902_230432_765_s40.jpg,269,0,287,162,1,3
ch1_20150902_230432_765_s34.jpg,423,0,468,162,1,3
ch1_20150902_233934_355_s55.jpg,1092,0,1130,162,1,3
ch1_20160830_195502_059_s58.jpg,705,0,732,162,1,3
ch1_20160807_213010_328_s52.jpg,222,0,257,162,1,3
ch1_20160807_213010_328_s52.jpg,158,0,187,162,1,3
ch1_20160807_213010_328_s52.jpg,563,0,597,162,1,3
ch1_20150921_185511_185_s39.jpg,384,0,401,162,1,3
ch1_20160821_193512_001_s16.jpg,389,0,411,162,1,3
ch1_20160807_210009_001_s101.jpg,645,0,686,162,1,3
ch1_20160807_212009_885_s68.jpg,1113,0,1156,162,1,3
ch1_20170707_232136_161_s124.jpg,1203,0,1238,162,1,3
ch1_20170707_235137_441_s134.jpg,1000,0,1023,162,1,3
ch1_20170707_235137_441_s134.jpg,862,0,877,162,1,3
ch1_20150921_185010_956_s133.jpg,173,0,200,162,1,3
ch1_20170721_223039_462_s119.jpg,541,0,561,162,1,3
ch1_20160807_213010_328_s107.jpg,1395,0,1424,162,1,3
ch1_20160821_191511_082_s10.jpg,1353,0,1370,162,1,3
ch1_20160807_211509_662_s15.jpg,1112,0,1141,162,1,3
ch1_20160807_214510_993_s7.jpg,164,0,189,162,1,3
ch1_20160807_214510_993_s7.jpg,333,0,357,162,1,3
ch1_20170707_230635_533_s53.jpg,1298,0,1330,162,1,3
ch1_20170721_222539_271_s58.jpg,813,0,829,162,1,3
ch1_20170721_222539_271_s58.jpg,844,0,860,162,1,3
ch1_20150921_184010_496_s46.jpg,590,0,612,162,1,3
ch1_20180621_225109_686_s84.jpg,1056,0,1074,162,1,3
ch1_20160821_191511_082_s86.jpg,1314,0,1345,162,1,3
ch1_20160821_191511_082_s48.jpg,624,0,667,162,1,3
ch1_20170707_235137_441_s27.jpg,803,0,845,162,1,3
ch1_20170707_235137_441_s27.jpg,874,0,904,162,1,3
ch1_20170707_235137_441_s27.jpg,1174,0,1197,162,1,3
ch1_20150921_185010_956_s127.jpg,938,0,967,162,1,3
ch1_20150921_185010_956_s127.jpg,981,0,996,162,1,3
ch1_20160807_213510_555_s85.jpg,782,0,800,162,1,3
ch1_20160807_210009_001_s134.jpg,457,0,511,162,1,3
ch1_20160807_210009_001_s134.jpg,679,0,717,162,1,3
ch1_20160821_191010_871_s92.jpg,541,0,562,162,1,3
ch1_20160821_193011_768_s144.jpg,520,0,549,162,1,3
ch1_20180621_223609_070_s3.jpg,26,0,52,162,1,3
ch1_20180621_223609_070_s3.jpg,1303,0,1337,162,1,3
ch1_20170721_221038_676_s81.jpg,250,0,279,162,1,3
ch1_20160821_192011_311_s75.jpg,660,0,693,162,1,3
ch1_20170721_223539_659_s67.jpg,395,0,423,162,1,3
ch1_20170721_223539_659_s67.jpg,525,0,548,162,1,3
ch1_20170707_233136_589_s87.jpg,1105,0,1135,162,1,3
ch1_20170707_233136_589_s87.jpg,374,0,400,162,1,3
ch1_20170707_233136_589_s87.jpg,306,0,344,162,1,3
ch1_20170707_231135_735_s31.jpg,1244,0,1265,162,1,3
ch1_20170707_231135_735_s31.jpg,1196,0,1233,162,1,3
ch1_20170707_231135_735_s31.jpg,1320,0,1348,162,1,3
ch1_20150921_185010_956_s57.jpg,801,0,836,162,1,3
ch1_20170721_222039_070_s139.jpg,432,0,451,162,1,3
ch1_20170721_215538_093_s120.jpg,1020,0,1037,162,1,3
ch1_20170721_220038_286_s40.jpg,1090,0,1101,162,1,3
ch1_20170721_220038_286_s40.jpg,1164,0,1177,162,1,3
ch1_20170721_222539_271_s107.jpg,1036,0,1056,162,1,3
ch1_20180621_225109_686_s50.jpg,804,0,836,162,1,3
ch1_20150921_184010_496_s26.jpg,1315,0,1374,162,1,3
ch1_20150921_184010_496_s26.jpg,1208,0,1249,162,1,3
ch1_20160821_191511_082_s39.jpg,562,0,593,162,1,3
ch1_20170721_222039_070_s99.jpg,257,0,278,162,1,3
ch1_20160807_211509_662_s88.jpg,523,0,540,162,1,3
ch1_20160807_211509_662_s88.jpg,760,0,774,162,1,3
ch1_20170721_215538_093_s113.jpg,471,0,489,162,1,3
ch1_20170721_222539_271_s94.jpg,309,0,329,162,1,3
ch1_20170707_230135_323_s47.jpg,497,0,512,162,1,3
ch1_20160821_191010_871_s25.jpg,476,0,496,162,1,3
ch1_20160807_215011_208_s29.jpg,1004,0,1026,162,1,3
ch1_20150921_193012_797_s4.jpg,1258,0,1291,162,1,3
ch1_20150921_192012_338_s122.jpg,752,0,780,162,1,3
ch1_20160807_210509_228_s48.jpg,85,0,99,162,1,3
ch1_20170721_221038_676_s60.jpg,116,0,149,162,1,3
ch1_20170721_224039_856_s1.jpg,1094,0,1127,162,1,3
ch1_20150921_190511_644_s67.jpg,43,0,67,162,1,3
ch1_20170707_232136_161_s61.jpg,1,0,24,162,1,3
ch1_20180621_230110_099_s137.jpg,1181,0,1196,162,1,3
ch1_20150921_193513_025_s12.jpg,359,0,383,162,1,3
ch1_20150921_193513_025_s103.jpg,902,0,931,162,1,3
ch1_20170707_233636_813_s85.jpg,1193,0,1223,162,1,3
ch1_20170707_233636_813_s85.jpg,1214,0,1249,162,1,3
ch1_20170707_233636_813_s85.jpg,1302,0,1322,162,1,3
ch1_20160821_192011_311_s145.jpg,1128,0,1156,162,1,3
ch1_20150921_192012_338_s69.jpg,924,0,948,162,1,3
ch1_20160821_190010_414_s98.jpg,1088,0,1105,162,1,3
ch1_20160821_190010_414_s98.jpg,689,0,707,162,1,3
ch1_20170721_221038_676_s133.jpg,884,0,906,162,1,3
ch1_20180621_221108_035_s91.jpg,1136,0,1156,162,1,3
ch1_20180621_221108_035_s91.jpg,1188,0,1204,162,1,3
ch1_20160807_214510_993_s58.jpg,248,0,267,162,1,3
ch1_20160807_214510_993_s58.jpg,356,0,378,162,1,3
ch1_20160807_214510_993_s58.jpg,1017,0,1037,162,1,3
ch1_20160807_214510_993_s58.jpg,1107,0,1127,162,1,3
ch1_20170707_232136_161_s46.jpg,612,0,632,162,1,3
ch1_20170721_221538_874_s81.jpg,339,0,365,162,1,3
ch1_20160807_214010_778_s36.jpg,56,0,77,162,1,3
ch1_20160807_212009_885_s68.jpg,1116,0,1143,162,1,3
ch1_20170707_233136_589_s105.jpg,1260,0,1279,162,1,3
ch1_20170707_233636_813_s85.jpg,1196,0,1224,162,1,3
ch1_20170707_233636_813_s85.jpg,1225,0,1245,162,1,3
ch1_20170707_233636_813_s85.jpg,1244,0,1264,162,1,3
ch1_20170707_233636_813_s85.jpg,1311,0,1330,162,1,3
ch1_20180621_222608_651_s38.jpg,29,0,49,162,1,3
ch1_20170721_223539_659_s139.jpg,326,0,352,162,1,3
ch1_20160821_193011_768_s107.jpg,230,0,246,162,1,3
ch1_20180621_224609_481_s83.jpg,1128,0,1151,162,1,3
ch1_20160807_215511_438_s74.jpg,635,0,665,162,1,3
ch1_20170721_215037_895_s29.jpg,1114,0,1138,162,1,3
ch1_20170721_215037_895_s29.jpg,1293,0,1313,162,1,3
ch1_20170721_215037_895_s29.jpg,1384,0,1403,162,1,3
ch1_20170721_220538_482_s51.jpg,50,0,71,162,1,3
ch1_20170721_220538_482_s51.jpg,584,0,598,162,1,3
ch1_20170721_220538_482_s51.jpg,674,0,690,162,1,3
ch1_20170707_232636_377_s81.jpg,1163,0,1185,162,1,3
ch1_20170707_232636_377_s81.jpg,1081,0,1104,162,1,3
ch1_20160821_193512_001_s140.jpg,1146,0,1171,162,1,3
ch1_20160821_191511_082_s66.jpg,1025,0,1051,162,1,3
ch1_20170707_232136_161_s124.jpg,1204,0,1238,162,1,3
ch1_20160807_213010_328_s24.jpg,1228,0,1243,162,1,3
ch1_20170721_220538_482_s142.jpg,991,0,1014,162,1,3
ch1_20150921_190011_414_s111.jpg,187,0,229,162,1,3
ch1_20160821_192511_538_s82.jpg,165,0,200,162,1,3
ch1_20180621_225109_686_s132.jpg,1138,0,1172,162,1,3
ch1_20180621_225109_686_s132.jpg,1329,0,1360,162,1,3
ch1_20170707_234137_018_s9.jpg,483,0,508,162,1,3
ch1_20150921_184510_726_s136.jpg,666,0,714,162,1,3
ch1_20170707_230135_323_s39.jpg,477,0,503,162,1,3
ch1_20170707_234137_018_s135.jpg,854,0,869,162,1,3
ch1_20150921_193012_797_s15.jpg,826,0,853,162,1,3
ch1_20180621_230110_099_s83.jpg,621,0,650,162,1,3
ch1_20170707_233636_813_s68.jpg,1356,0,1390,162,1,3
ch1_20150921_190011_414_s44.jpg,879,0,911,162,1,3
ch1_20150921_190011_414_s44.jpg,1252,0,1284,162,1,3
ch1_20150921_184510_726_s57.jpg,1211,0,1235,162,1,3
ch1_20180621_224609_481_s6.jpg,109,0,151,162,1,3
ch1_20180621_224609_481_s6.jpg,24,0,62,162,1,3
ch1_20180621_230110_099_s115.jpg,86,0,116,162,1,3
ch1_20170707_231135_735_s65.jpg,1349,0,1378,162,1,3
ch1_20170707_231635_946_s23.jpg,77,0,98,162,1,3
ch1_20160821_191010_871_s53.jpg,308,0,334,162,1,3
ch1_20170707_230635_533_s30.jpg,941,0,964,162,1,3
ch1_20170721_220538_482_s141.jpg,1057,0,1083,162,1,3
ch1_20150921_185511_185_s26.jpg,650,0,693,162,1,3
ch1_20150921_192512_567_s16.jpg,764,0,788,162,1,3
ch1_20170707_232636_377_s33.jpg,1282,0,1306,162,1,3
ch1_20170721_222539_271_s40.jpg,727,0,745,162,1,3
ch1_20150921_191011_872_s39.jpg,509,0,541,162,1,3
ch1_20150921_191011_872_s39.jpg,515,0,548,162,1,3
ch1_20150921_185511_185_s8.jpg,181,0,212,162,1,3
ch1_20150921_185511_185_s8.jpg,1098,0,1119,162,1,3
ch1_20150921_185511_185_s8.jpg,1135,0,1155,162,1,3
ch1_20170707_234637_231_s143.jpg,1370,0,1395,162,1,3
ch1_20180621_221608_239_s19.jpg,1263,0,1288,162,1,3
ch1_20160821_191010_871_s129.jpg,184,0,206,162,1,3
ch1_20180621_225109_686_s108.jpg,1004,0,1025,162,1,3
ch1_20150921_192012_338_s88.jpg,470,0,499,162,1,3
ch1_20150921_192012_338_s88.jpg,169,0,196,162,1,3
ch1_20170707_234637_231_s78.jpg,555,0,602,162,1,3
ch1_20170721_220538_482_s142.jpg,196,0,210,162,1,3
ch1_20170707_234637_231_s40.jpg,1104,0,1134,162,1,3
ch1_20170707_234637_231_s40.jpg,962,0,982,162,1,3
ch1_20170707_230635_533_s72.jpg,728,0,752,162,1,3
ch1_20170707_230635_533_s72.jpg,764,0,792,162,1,3
ch1_20150921_193012_797_s4.jpg,1264,0,1290,162,1,3
ch1_20170707_234637_231_s55.jpg,289,0,314,162,1,3
ch1_20150921_192512_567_s105.jpg,554,0,572,162,1,3
ch1_20180621_223108_861_s144.jpg,265,0,309,162,1,3
ch1_20150921_190011_414_s91.jpg,214,0,242,162,1,3
ch1_20160807_215511_438_s37.jpg,77,0,99,162,1,3
ch1_20160821_193011_768_s78.jpg,1019,0,1050,162,1,3
ch1_20160821_193011_768_s78.jpg,1102,0,1126,162,1,3
ch1_20170707_233636_813_s102.jpg,1240,0,1287,162,1,3
ch1_20170707_233636_813_s102.jpg,1105,0,1148,162,1,3
ch1_20170707_233636_813_s102.jpg,1324,0,1380,162,1,3
ch1_20180621_222608_651_s81.jpg,1018,0,1044,162,1,3
ch1_20160807_213010_328_s108.jpg,664,0,677,162,1,3
ch1_20170707_234637_231_s145.jpg,1166,0,1194,162,1,3
ch1_20160807_215511_438_s109.jpg,697,0,728,162,1,3
ch1_20160807_215511_438_s109.jpg,754,0,787,162,1,3
ch1_20150921_191512_109_s70.jpg,695,0,729,162,1,3
ch1_20180621_230110_099_s124.jpg,236,0,270,162,1,3
ch1_20170721_224540_057_s36.jpg,1116,0,1141,162,1,3
ch1_20160807_213510_555_s99.jpg,1278,0,1312,162,1,3
ch1_20160807_215011_208_s129.jpg,539,0,571,162,1,3
ch1_20170721_220038_286_s144.jpg,380,0,399,162,1,3
ch1_20170721_223539_659_s138.jpg,1146,0,1170,162,1,3
ch1_20180607_194715_630_s107.jpg,0,0,16,162,1,3
ch1_20150921_190511_644_s102.jpg,29,0,56,162,1,3
ch1_20170707_231135_735_s121.jpg,851,0,884,162,1,3
ch1_20170707_233136_589_s45.jpg,1275,0,1317,162,1,3
ch1_20170707_233136_589_s45.jpg,908,0,947,162,1,3
ch1_20150921_193513_025_s105.jpg,583,0,602,162,1,3
ch1_20180621_224109_279_s99.jpg,547,0,570,162,1,3
ch1_20170721_222539_271_s31.jpg,418,0,444,162,1,3
ch1_20170721_220038_286_s41.jpg,290,0,315,162,1,3
ch1_20150921_193012_797_s129.jpg,257,0,286,162,1,3
ch1_20180621_222108_441_s134.jpg,489,0,513,162,1,3
ch1_20160821_192011_311_s4.jpg,1231,0,1254,162,1,3
ch1_20160807_212009_885_s4.jpg,46,0,67,162,1,3
ch1_20160821_192011_311_s4.jpg,1231,0,1254,162,1,3
ch1_20150921_185010_956_s32.jpg,1174,0,1211,162,1,3
ch1_20170721_222039_070_s91.jpg,1318,0,1344,162,1,3
ch1_20160807_210509_228_s44.jpg,1200,0,1224,162,1,3
ch1_20170707_233136_589_s10.jpg,955,0,993,162,1,3
ch1_20170707_233136_589_s10.jpg,880,0,929,162,1,3
ch1_20170707_235637_636_s93.jpg,603,0,635,162,1,3
ch1_20180621_221608_239_s34.jpg,1332,0,1362,162,1,3
ch1_20150921_193012_797_s49.jpg,428,0,463,162,1,3
ch1_20150921_184510_726_s86.jpg,1077,0,1106,162,1,3
ch1_20180621_222608_651_s37.jpg,1224,0,1259,162,1,3
ch1_20170721_215037_895_s62.jpg,1179,0,1194,162,1,3
ch1_20170721_215037_895_s62.jpg,1266,0,1279,162,1,3
ch1_20170721_215037_895_s62.jpg,1322,0,1332,162,1,3
ch1_20150921_184510_726_s69.jpg,795,0,837,162,1,3
ch1_20170707_235637_636_s40.jpg,1149,0,1180,162,1,3
ch1_20170707_235637_636_s40.jpg,1339,0,1366,162,1,3
ch1_20170707_231635_946_s81.jpg,776,0,801,162,1,3
ch1_20160807_210009_001_s60.jpg,59,0,87,162,1,3
ch1_20160821_185009_961_s23.jpg,239,0,262,162,1,3
ch1_20170707_231635_946_s81.jpg,772,0,803,162,1,3
ch1_20160807_214510_993_s75.jpg,55,0,80,162,1,3
ch1_20170707_235137_441_s123.jpg,1221,0,1241,162,1,3
ch1_20180621_221108_035_s113.jpg,1342,0,1362,162,1,3
ch1_20150921_185010_956_s61.jpg,779,0,816,162,1,3
ch1_20160821_192011_311_s133.jpg,1286,0,1310,162,1,3
ch1_20170721_220538_482_s89.jpg,788,0,812,162,1,3
ch1_20170707_233136_589_s10.jpg,886,0,911,162,1,3
ch1_20170707_233136_589_s10.jpg,1254,0,1278,162,1,3
ch1_20160807_215011_208_s20.jpg,1403,0,1420,162,1,3
ch1_20180621_225609_891_s15.jpg,1202,0,1250,162,1,3
ch1_20170707_234137_018_s110.jpg,916,0,953,162,1,3
ch1_20160821_184009_507_s7.jpg,442,0,463,162,1,3
ch1_20160807_215011_208_s20.jpg,1402,0,1418,162,1,3
ch1_20170721_220038_286_s143.jpg,1182,0,1203,162,1,3
ch1_20180621_224609_481_s57.jpg,800,0,825,162,1,3
ch1_20170707_230635_533_s83.jpg,806,0,822,162,1,3
ch1_20160821_190510_640_s21.jpg,1280,0,1301,162,1,3
ch1_20170707_234137_018_s6.jpg,1071,0,1088,162,1,3
ch1_20180621_220607_827_s24.jpg,1106,0,1150,162,1,3
ch1_20160821_193011_768_s78.jpg,1103,0,1128,162,1,3
ch1_20160821_193011_768_s78.jpg,1024,0,1045,162,1,3
ch1_20160821_193011_768_s78.jpg,927,0,952,162,1,3
ch1_20170707_231135_735_s117.jpg,151,0,172,162,1,3
ch1_20150921_185010_956_s27.jpg,0,0,22,162,1,3
ch1_20150921_184510_726_s114.jpg,71,0,103,162,1,3
ch1_20170707_232636_377_s125.jpg,155,0,191,162,1,3
ch1_20170707_233136_589_s37.jpg,329,0,363,162,1,3
ch1_20170707_233136_589_s37.jpg,435,0,471,162,1,3
ch1_20150921_190511_644_s83.jpg,979,0,1001,162,1,3
ch1_20170707_230135_323_s116.jpg,506,0,530,162,1,3
ch1_20150921_191512_109_s128.jpg,325,0,347,162,1,3
ch1_20150921_192512_567_s42.jpg,1259,0,1289,162,1,3
ch1_20180621_223609_070_s136.jpg,665,0,689,162,1,3
ch1_20160821_190510_640_s24.jpg,837,0,856,162,1,3
ch1_20160821_185009_961_s59.jpg,360,0,381,162,1,3
ch1_20170721_220038_286_s80.jpg,1130,0,1152,162,1,3
ch1_20170707_231635_946_s72.jpg,952,0,986,162,1,3
ch1_20170707_231635_946_s72.jpg,1057,0,1098,162,1,3
ch1_20170721_221038_676_s80.jpg,1320,0,1339,162,1,3
ch1_20170721_221038_676_s80.jpg,1213,0,1228,162,1,3
ch1_20170707_235637_636_s6.jpg,198,0,233,162,1,3
ch1_20180621_222108_441_s97.jpg,1002,0,1026,162,1,3
ch1_20180621_230110_099_s124.jpg,1286,0,1337,162,1,3
ch1_20180621_230110_099_s124.jpg,1056,0,1092,162,1,3
ch1_20180621_230110_099_s124.jpg,416,0,483,162,1,3
ch1_20180621_230110_099_s124.jpg,355,0,388,162,1,3
ch1_20180621_230110_099_s124.jpg,231,0,287,162,1,3
ch1_20180621_225609_891_s64.jpg,605,0,620,162,1,3
ch1_20180621_224109_279_s44.jpg,452,0,494,162,1,3
ch1_20180607_194215_422_s43.jpg,804,0,838,162,1,3
ch1_20150921_192012_338_s21.jpg,698,0,726,162,1,3
ch1_20150921_192012_338_s21.jpg,908,0,934,162,1,3
ch1_20160807_212510_105_s139.jpg,1071,0,1100,162,1,3
ch1_20180621_222608_651_s46.jpg,408,0,437,162,1,3
ch1_20180621_222608_651_s46.jpg,268,0,331,162,1,3
ch1_20150921_184010_496_s111.jpg,837,0,861,162,1,3
ch1_20150921_184010_496_s111.jpg,877,0,895,162,1,3
ch1_20170707_231635_946_s72.jpg,1062,0,1088,162,1,3
ch1_20170707_231635_946_s72.jpg,951,0,975,162,1,3
ch1_20170707_231635_946_s72.jpg,980,0,1012,162,1,3
ch1_20150921_184510_726_s114.jpg,74,0,105,162,1,3
ch1_20150921_193513_025_s58.jpg,239,0,284,162,1,3
ch1_20160821_193011_768_s83.jpg,1292,0,1317,162,1,3
ch1_20180621_225609_891_s133.jpg,1251,0,1275,162,1,3
ch1_20160821_191010_871_s41.jpg,799,0,844,162,1,3
ch1_20160821_190010_414_s128.jpg,899,0,930,162,1,3
ch1_20150921_191011_872_s14.jpg,863,0,899,162,1,3
ch1_20180621_224109_279_s41.jpg,266,0,287,162,1,3
ch1_20180621_224109_279_s41.jpg,431,0,447,162,1,3
ch1_20170707_234137_018_s75.jpg,277,0,296,162,1,3
ch1_20160807_213510_555_s25.jpg,1133,0,1159,162,1,3
ch1_20170707_230135_323_s29.jpg,717,0,748,162,1,3
ch1_20160807_212510_105_s19.jpg,335,0,350,162,1,3
ch1_20160807_212510_105_s19.jpg,448,0,459,162,1,3
ch1_20180621_222108_441_s107.jpg,10,0,17,162,1,3
ch1_20160821_192011_311_s113.jpg,890,0,924,162,1,3
ch1_20170707_231135_735_s146.jpg,464,0,493,162,1,3
ch1_20170707_231135_735_s146.jpg,696,0,723,162,1,3
ch1_20160821_191010_871_s111.jpg,1061,0,1088,162,1,3
ch1_20150921_190011_414_s43.jpg,292,0,316,162,1,3
ch1_20180621_221108_035_s6.jpg,283,0,303,162,1,3
ch1_20170721_222039_070_s137.jpg,473,0,488,162,1,3
ch1_20180621_222108_441_s39.jpg,949,0,980,162,1,3
ch1_20180621_222108_441_s39.jpg,993,0,1020,162,1,3
ch1_20180621_222108_441_s39.jpg,1022,0,1045,162,1,3
ch1_20150921_192012_338_s21.jpg,1042,0,1063,162,1,3
ch1_20150921_192012_338_s21.jpg,911,0,929,162,1,3
ch1_20150921_192012_338_s21.jpg,964,0,986,162,1,3
ch1_20150921_192012_338_s21.jpg,701,0,726,162,1,3
ch1_20160821_192011_311_s55.jpg,254,0,299,162,1,3
ch1_20160821_192011_311_s55.jpg,331,0,357,162,1,3
ch1_20150921_190511_644_s45.jpg,695,0,726,162,1,3
ch1_20160807_215011_208_s21.jpg,199,0,216,162,1,3
ch1_20160807_215011_208_s21.jpg,279,0,294,162,1,3
ch1_20160807_215011_208_s21.jpg,332,0,347,162,1,3
ch1_20180621_225609_891_s3.jpg,101,0,119,162,1,3
ch1_20160821_193512_001_s80.jpg,508,0,522,162,1,3
ch1_20170721_215037_895_s10.jpg,1341,0,1359,162,1,3
ch1_20170707_230635_533_s19.jpg,1121,0,1145,162,1,3
ch1_20160807_212510_105_s131.jpg,1032,0,1044,162,1,3
ch1_20180607_195215_831_s63.jpg,817,0,847,162,1,3
ch1_20180621_225109_686_s95.jpg,681,0,702,162,1,3
ch1_20170707_231635_946_s41.jpg,1357,0,1380,162,1,3
ch1_20160821_193512_001_s71.jpg,1216,0,1242,162,1,3
ch1_20170721_222539_271_s89.jpg,1203,0,1224,162,1,3
ch1_20170721_221038_676_s59.jpg,907,0,927,162,1,3
ch1_20170721_221038_676_s60.jpg,114,0,148,162,1,3
ch1_20180621_225109_686_s95.jpg,669,0,708,162,1,3
ch1_20160821_192011_311_s50.jpg,1218,0,1254,162,1,3
ch1_20160821_192011_311_s134.jpg,1350,0,1360,162,1,3
ch1_20170707_230635_533_s19.jpg,1120,0,1150,162,1,3
ch1_20180621_224109_279_s41.jpg,270,0,294,162,1,3
ch1_20170721_224540_057_s6.jpg,1212,0,1231,162,1,3
ch1_20180621_230110_099_s143.jpg,181,0,208,162,1,3
ch1_20180621_230110_099_s143.jpg,157,0,186,162,1,3
ch1_20150921_192012_338_s21.jpg,909,0,926,162,1,3
ch1_20150921_192012_338_s21.jpg,701,0,717,162,1,3
ch1_20160807_215511_438_s97.jpg,1398,0,1420,162,1,3
ch1_20170721_221538_874_s80.jpg,1066,0,1088,162,1,3
ch1_20180621_224609_481_s14.jpg,1397,0,1413,162,1,3
ch1_20180621_222108_441_s97.jpg,997,0,1026,162,1,3
ch1_20180621_230110_099_s143.jpg,783,0,801,162,1,3
ch1_20170707_232136_161_s42.jpg,523,0,550,162,1,3
ch1_20170707_232136_161_s42.jpg,630,0,645,162,1,3
ch1_20170721_224540_057_s93.jpg,1037,0,1055,162,1,3
ch1_20170721_224540_057_s93.jpg,1059,0,1078,162,1,3
ch1_20170721_224540_057_s93.jpg,651,0,678,162,1,3
ch1_20170721_224540_057_s93.jpg,103,0,126,162,1,3
ch1_20150921_191512_109_s31.jpg,541,0,562,162,1,3
ch1_20170721_220038_286_s80.jpg,1133,0,1157,162,1,3
ch1_20150921_191512_109_s89.jpg,664,0,694,162,1,3
ch1_20170707_231635_946_s41.jpg,1356,0,1384,162,1,3
ch1_20180621_220607_827_s59.jpg,673,0,694,162,1,3
ch1_20180621_220607_827_s59.jpg,720,0,739,162,1,3
ch1_20180621_220607_827_s59.jpg,952,0,975,162,1,3
ch1_20180621_220607_827_s59.jpg,1209,0,1230,162,1,3
ch1_20170721_221038_676_s31.jpg,734,0,750,162,1,3
ch1_20170721_223039_462_s55.jpg,1121,0,1147,162,1,3
ch1_20180621_221608_239_s96.jpg,178,0,198,162,1,3
ch1_20180621_221608_239_s96.jpg,201,0,219,162,1,3
ch1_20160807_211509_662_s124.jpg,270,0,290,162,1,3
ch1_20170721_223039_462_s55.jpg,1129,0,1141,162,1,3
ch1_20170707_235137_441_s56.jpg,837,0,873,162,1,3
ch1_20170707_235137_441_s56.jpg,908,0,943,162,1,3
ch1_20170707_235137_441_s56.jpg,942,0,964,162,1,3
ch1_20180621_222108_441_s39.jpg,992,0,1021,162,1,3
ch1_20180621_222108_441_s39.jpg,1023,0,1044,162,1,3
ch1_20170707_230635_533_s19.jpg,1364,0,1390,162,1,3
ch1_20170707_230635_533_s19.jpg,1252,0,1273,162,1,3
ch1_20180621_225609_891_s107.jpg,854,0,885,162,1,3
ch1_20180621_225609_891_s107.jpg,455,0,482,162,1,3
ch1_20170721_223039_462_s78.jpg,35,0,58,162,1,3
ch1_20170721_221038_676_s123.jpg,1235,0,1276,162,1,3
ch1_20170707_235137_441_s56.jpg,623,0,656,162,1,3
ch1_20170707_235137_441_s56.jpg,936,0,975,162,1,3
ch1_20170707_235137_441_s56.jpg,1086,0,1116,162,1,3
ch1_20170707_235137_441_s56.jpg,1186,0,1215,162,1,3
ch1_20170707_235137_441_s56.jpg,1290,0,1318,162,1,3
ch1_20170721_223039_462_s78.jpg,34,0,61,162,1,3
ch1_20170707_235137_441_s56.jpg,836,0,870,162,1,3
ch1_20170707_235137_441_s56.jpg,902,0,939,162,1,3
ch1_20170707_235137_441_s56.jpg,1011,0,1032,162,1,3
ch1_20170707_235137_441_s56.jpg,939,0,960,162,1,3
ch1_20170707_232636_377_s24.jpg,323,0,368,162,1,3
ch1_20170721_224039_856_s86.jpg,190,0,210,162,1,3
ch1_20180621_224109_279_s38.jpg,652,0,676,162,1,3
ch1_20170721_215037_895_s132.jpg,1276,0,1287,162,1,3
ch1_20170721_215037_895_s132.jpg,1363,0,1375,162,1,3
ch1_20170707_232636_377_s44.jpg,135,0,162,162,1,3
ch1_20170707_232636_377_s44.jpg,1142,0,1175,162,1,3
ch1_20180621_225609_891_s98.jpg,823,0,844,162,1,3
ch1_20180621_225609_891_s98.jpg,517,0,556,162,1,3
ch1_20180621_225609_891_s98.jpg,1391,0,1419,162,1,3
ch1_20160807_211509_662_s124.jpg,271,0,283,162,1,3
ch1_20180607_195716_031_s135.jpg,777,0,787,162,1,3
ch1_20180621_223108_861_s21.jpg,869,0,890,162,1,3
ch1_20170721_223039_462_s45.jpg,156,0,175,162,1,3
ch1_20180621_225609_891_s107.jpg,455,0,482,162,1,3
ch1_20170721_215037_895_s132.jpg,1273,0,1295,162,1,3
ch1_20170721_215037_895_s132.jpg,1304,0,1326,162,1,3
ch1_20170721_215037_895_s132.jpg,1361,0,1383,162,1,3
ch1_20180621_224609_481_s29.jpg,206,0,227,162,1,3
ch1_20170707_232636_377_s44.jpg,1148,0,1174,162,1,3
ch1_20170707_232636_377_s44.jpg,139,0,170,162,1,3
ch1_20170707_232636_377_s44.jpg,603,0,624,162,1,3
ch1_20170707_235137_441_s56.jpg,831,0,878,162,1,3
ch1_20170707_235137_441_s56.jpg,905,0,937,162,1,3
ch1_20170707_235137_441_s56.jpg,941,0,970,162,1,3
ch1_20170707_235137_441_s56.jpg,1005,0,1049,162,1,3
ch1_20170721_215037_895_s80.jpg,726,0,734,162,1,3
ch1_20170721_215037_895_s80.jpg,859,0,869,162,1,3
ch1_20170721_222039_070_s7.jpg,817,0,830,162,1,3
ch1_20170721_223039_462_s78.jpg,35,0,53,162,1,3
ch1_20180621_224109_279_s38.jpg,652,0,666,162,1,3
ch1_20170707_235637_636_s67.jpg,111,0,143,162,1,3
ch1_20180621_225109_686_s87.jpg,224,0,248,162,1,3
ch1_20180621_225109_686_s87.jpg,241,0,256,162,1,3
